-- phpMyAdmin SQL Dump
-- version 5.2.0
-- https://www.phpmyadmin.net/
--
-- Host: 127.0.0.1
-- Generation Time: Jan 24, 2024 at 03:38 PM
-- Server version: 10.4.27-MariaDB
-- PHP Version: 8.1.12

SET SQL_MODE = "NO_AUTO_VALUE_ON_ZERO";
START TRANSACTION;
SET time_zone = "+00:00";


/*!40101 SET @OLD_CHARACTER_SET_CLIENT=@@CHARACTER_SET_CLIENT */;
/*!40101 SET @OLD_CHARACTER_SET_RESULTS=@@CHARACTER_SET_RESULTS */;
/*!40101 SET @OLD_COLLATION_CONNECTION=@@COLLATION_CONNECTION */;
/*!40101 SET NAMES utf8mb4 */;

--
-- Database: `db_inventoryweb`
--

-- --------------------------------------------------------

--
-- Table structure for table `failed_jobs`
--

CREATE TABLE `failed_jobs` (
  `id` bigint(20) UNSIGNED NOT NULL,
  `uuid` varchar(255) NOT NULL,
  `connection` text NOT NULL,
  `queue` text NOT NULL,
  `payload` longtext NOT NULL,
  `exception` longtext NOT NULL,
  `failed_at` timestamp NOT NULL DEFAULT current_timestamp()
) ENGINE=InnoDB DEFAULT CHARSET=utf8mb4 COLLATE=utf8mb4_unicode_ci;

-- --------------------------------------------------------

--
-- Table structure for table `migrations`
--

CREATE TABLE `migrations` (
  `id` int(10) UNSIGNED NOT NULL,
  `migration` varchar(255) NOT NULL,
  `batch` int(11) NOT NULL
) ENGINE=InnoDB DEFAULT CHARSET=utf8mb4 COLLATE=utf8mb4_unicode_ci;

--
-- Dumping data for table `migrations`
--

INSERT INTO `migrations` (`id`, `migration`, `batch`) VALUES
(1, '2019_08_19_000000_create_failed_jobs_table', 1),
(2, '2019_12_14_000001_create_personal_access_tokens_table', 1),
(3, '2022_10_31_061811_create_menu_table', 1),
(4, '2022_11_01_041110_create_table_role', 1),
(5, '2022_11_01_083314_create_table_user', 1),
(6, '2022_11_03_023905_create_table_submenu', 1),
(7, '2022_11_03_064417_create_tbl_akses', 1),
(8, '2022_11_08_024215_create_tbl_web', 1),
(9, '2022_11_15_131148_create_tbl_jenisbarang', 2),
(10, '2022_11_15_173700_create_tbl_satuan', 3),
(11, '2022_11_15_180434_create_tbl_gudang', 4),
(12, '2022_11_16_120018_create_tbl_appreance', 5),
(13, '2022_11_25_141731_create_tbl_barang', 6),
(14, '2022_11_26_011349_create_tbl_pengecek', 7),
(16, '2022_11_28_151108_create_tbl_barangmasuk', 8),
(17, '2022_11_30_115904_create_tbl_barangkeluar', 9);

-- --------------------------------------------------------

--
-- Table structure for table `personal_access_tokens`
--

CREATE TABLE `personal_access_tokens` (
  `id` bigint(20) UNSIGNED NOT NULL,
  `tokenable_type` varchar(255) NOT NULL,
  `tokenable_id` bigint(20) UNSIGNED NOT NULL,
  `name` varchar(255) NOT NULL,
  `token` varchar(64) NOT NULL,
  `abilities` text DEFAULT NULL,
  `last_used_at` timestamp NULL DEFAULT NULL,
  `expires_at` timestamp NULL DEFAULT NULL,
  `created_at` timestamp NULL DEFAULT NULL,
  `updated_at` timestamp NULL DEFAULT NULL
) ENGINE=InnoDB DEFAULT CHARSET=utf8mb4 COLLATE=utf8mb4_unicode_ci;

-- --------------------------------------------------------

--
-- Table structure for table `tbl_akses`
--

CREATE TABLE `tbl_akses` (
  `akses_id` int(10) UNSIGNED NOT NULL,
  `menu_id` varchar(255) DEFAULT NULL,
  `submenu_id` varchar(255) DEFAULT NULL,
  `othermenu_id` varchar(255) DEFAULT NULL,
  `role_id` varchar(255) NOT NULL,
  `akses_type` varchar(255) NOT NULL,
  `created_at` timestamp NULL DEFAULT NULL,
  `updated_at` timestamp NULL DEFAULT NULL
) ENGINE=InnoDB DEFAULT CHARSET=utf8mb4 COLLATE=utf8mb4_unicode_ci;

--
-- Dumping data for table `tbl_akses`
--

INSERT INTO `tbl_akses` (`akses_id`, `menu_id`, `submenu_id`, `othermenu_id`, `role_id`, `akses_type`, `created_at`, `updated_at`) VALUES
(224, '1667444041', NULL, NULL, '1', 'view', '2022-11-24 05:07:30', '2022-11-24 05:07:30'),
(225, '1667444041', NULL, NULL, '1', 'create', '2022-11-24 05:07:30', '2022-11-24 05:07:30'),
(226, '1667444041', NULL, NULL, '1', 'update', '2022-11-24 05:07:30', '2022-11-24 05:07:30'),
(227, '1667444041', NULL, NULL, '1', 'delete', '2022-11-24 05:07:30', '2022-11-24 05:07:30'),
(228, '1668509889', NULL, NULL, '1', 'view', '2022-11-24 05:07:30', '2022-11-24 05:07:30'),
(229, '1668509889', NULL, NULL, '1', 'create', '2022-11-24 05:07:30', '2022-11-24 05:07:30'),
(230, '1668509889', NULL, NULL, '1', 'update', '2022-11-24 05:07:30', '2022-11-24 05:07:30'),
(231, '1668509889', NULL, NULL, '1', 'delete', '2022-11-24 05:07:30', '2022-11-24 05:07:30'),
(232, '1668510437', NULL, NULL, '1', 'view', '2022-11-24 05:07:30', '2022-11-24 05:07:30'),
(233, '1668510437', NULL, NULL, '1', 'create', '2022-11-24 05:07:30', '2022-11-24 05:07:30'),
(234, '1668510437', NULL, NULL, '1', 'update', '2022-11-24 05:07:30', '2022-11-24 05:07:30'),
(235, '1668510437', NULL, NULL, '1', 'delete', '2022-11-24 05:07:30', '2022-11-24 05:07:30'),
(236, '1668510568', NULL, NULL, '1', 'view', '2022-11-24 05:07:30', '2022-11-24 05:07:30'),
(237, '1668510568', NULL, NULL, '1', 'create', '2022-11-24 05:07:30', '2022-11-24 05:07:30'),
(238, '1668510568', NULL, NULL, '1', 'update', '2022-11-24 05:07:30', '2022-11-24 05:07:30'),
(239, '1668510568', NULL, NULL, '1', 'delete', '2022-11-24 05:07:30', '2022-11-24 05:07:30'),
(240, NULL, '9', NULL, '1', 'view', '2022-11-24 05:07:30', '2022-11-24 05:07:30'),
(241, NULL, '9', NULL, '1', 'create', '2022-11-24 05:07:30', '2022-11-24 05:07:30'),
(242, NULL, '9', NULL, '1', 'update', '2022-11-24 05:07:30', '2022-11-24 05:07:30'),
(243, NULL, '9', NULL, '1', 'delete', '2022-11-24 05:07:30', '2022-11-24 05:07:30'),
(248, NULL, '17', NULL, '1', 'view', '2022-11-24 05:07:30', '2022-11-24 05:07:30'),
(249, NULL, '17', NULL, '1', 'create', '2022-11-24 05:07:30', '2022-11-24 05:07:30'),
(250, NULL, '17', NULL, '1', 'update', '2022-11-24 05:07:30', '2022-11-24 05:07:30'),
(251, NULL, '17', NULL, '1', 'delete', '2022-11-24 05:07:30', '2022-11-24 05:07:30'),
(252, NULL, '10', NULL, '1', 'view', '2022-11-24 05:07:30', '2022-11-24 05:07:30'),
(253, NULL, '10', NULL, '1', 'create', '2022-11-24 05:07:30', '2022-11-24 05:07:30'),
(254, NULL, '10', NULL, '1', 'update', '2022-11-24 05:07:30', '2022-11-24 05:07:30'),
(255, NULL, '10', NULL, '1', 'delete', '2022-11-24 05:07:30', '2022-11-24 05:07:30'),
(260, NULL, '18', NULL, '1', 'view', '2022-11-24 05:07:30', '2022-11-24 05:07:30'),
(261, NULL, '18', NULL, '1', 'create', '2022-11-24 05:07:30', '2022-11-24 05:07:30'),
(262, NULL, '18', NULL, '1', 'update', '2022-11-24 05:07:30', '2022-11-24 05:07:30'),
(263, NULL, '18', NULL, '1', 'delete', '2022-11-24 05:07:30', '2022-11-24 05:07:30'),
(264, NULL, '19', NULL, '1', 'view', '2022-11-24 05:07:30', '2022-11-24 05:07:30'),
(265, NULL, '19', NULL, '1', 'create', '2022-11-24 05:07:30', '2022-11-24 05:07:30'),
(266, NULL, '19', NULL, '1', 'update', '2022-11-24 05:07:30', '2022-11-24 05:07:30'),
(267, NULL, '19', NULL, '1', 'delete', '2022-11-24 05:07:30', '2022-11-24 05:07:30'),
(268, NULL, '20', NULL, '1', 'view', '2022-11-24 05:07:30', '2022-11-24 05:07:30'),
(269, NULL, '20', NULL, '1', 'create', '2022-11-24 05:07:30', '2022-11-24 05:07:30'),
(270, NULL, '20', NULL, '1', 'update', '2022-11-24 05:07:30', '2022-11-24 05:07:30'),
(271, NULL, '20', NULL, '1', 'delete', '2022-11-24 05:07:30', '2022-11-24 05:07:30'),
(272, NULL, NULL, '1', '1', 'view', '2022-11-24 05:07:30', '2022-11-24 05:07:30'),
(273, NULL, NULL, '2', '1', 'view', '2022-11-24 05:07:30', '2022-11-24 05:07:30'),
(274, NULL, NULL, '3', '1', 'view', '2022-11-24 05:07:30', '2022-11-24 05:07:30'),
(275, NULL, NULL, '4', '1', 'view', '2022-11-24 05:07:30', '2022-11-24 05:07:30'),
(276, NULL, NULL, '5', '1', 'view', '2022-11-24 05:07:30', '2022-11-24 05:07:30'),
(277, NULL, NULL, '6', '1', 'view', '2022-11-24 05:07:30', '2022-11-24 05:07:30'),
(278, NULL, NULL, '1', '1', 'create', '2022-11-24 05:07:30', '2022-11-24 05:07:30'),
(279, NULL, NULL, '2', '1', 'create', '2022-11-24 05:07:30', '2022-11-24 05:07:30'),
(280, NULL, NULL, '3', '1', 'create', '2022-11-24 05:07:30', '2022-11-24 05:07:30'),
(281, NULL, NULL, '4', '1', 'create', '2022-11-24 05:07:30', '2022-11-24 05:07:30'),
(282, NULL, NULL, '5', '1', 'create', '2022-11-24 05:07:30', '2022-11-24 05:07:30'),
(283, NULL, NULL, '6', '1', 'create', '2022-11-24 05:07:30', '2022-11-24 05:07:30'),
(284, NULL, NULL, '1', '1', 'update', '2022-11-24 05:07:30', '2022-11-24 05:07:30'),
(285, NULL, NULL, '2', '1', 'update', '2022-11-24 05:07:30', '2022-11-24 05:07:30'),
(286, NULL, NULL, '3', '1', 'update', '2022-11-24 05:07:30', '2022-11-24 05:07:30'),
(287, NULL, NULL, '4', '1', 'update', '2022-11-24 05:07:30', '2022-11-24 05:07:30'),
(288, NULL, NULL, '5', '1', 'update', '2022-11-24 05:07:30', '2022-11-24 05:07:30'),
(289, NULL, NULL, '6', '1', 'update', '2022-11-24 05:07:30', '2022-11-24 05:07:30'),
(290, NULL, NULL, '1', '1', 'delete', '2022-11-24 05:07:30', '2022-11-24 05:07:30'),
(291, NULL, NULL, '2', '1', 'delete', '2022-11-24 05:07:30', '2022-11-24 05:07:30'),
(292, NULL, NULL, '3', '1', 'delete', '2022-11-24 05:07:30', '2022-11-24 05:07:30'),
(293, NULL, NULL, '4', '1', 'delete', '2022-11-24 05:07:30', '2022-11-24 05:07:30'),
(294, NULL, NULL, '5', '1', 'delete', '2022-11-24 05:07:30', '2022-11-24 05:07:30'),
(295, NULL, NULL, '6', '1', 'delete', '2022-11-24 05:07:30', '2022-11-24 05:07:30'),
(296, '1667444041', NULL, NULL, '2', 'view', '2022-11-24 06:04:11', '2022-11-24 06:04:11'),
(297, '1667444041', NULL, NULL, '2', 'create', '2022-11-24 06:04:11', '2022-11-24 06:04:11'),
(298, '1667444041', NULL, NULL, '2', 'update', '2022-11-24 06:04:11', '2022-11-24 06:04:11'),
(299, '1667444041', NULL, NULL, '2', 'delete', '2022-11-24 06:04:11', '2022-11-24 06:04:11'),
(300, '1668509889', NULL, NULL, '2', 'view', '2022-11-24 06:04:11', '2022-11-24 06:04:11'),
(301, '1668509889', NULL, NULL, '2', 'create', '2022-11-24 06:04:11', '2022-11-24 06:04:11'),
(302, '1668509889', NULL, NULL, '2', 'update', '2022-11-24 06:04:11', '2022-11-24 06:04:11'),
(303, '1668509889', NULL, NULL, '2', 'delete', '2022-11-24 06:04:11', '2022-11-24 06:04:11'),
(304, '1668510437', NULL, NULL, '2', 'view', '2022-11-24 06:04:11', '2022-11-24 06:04:11'),
(305, '1668510437', NULL, NULL, '2', 'create', '2022-11-24 06:04:11', '2022-11-24 06:04:11'),
(306, '1668510437', NULL, NULL, '2', 'update', '2022-11-24 06:04:11', '2022-11-24 06:04:11'),
(307, '1668510437', NULL, NULL, '2', 'delete', '2022-11-24 06:04:11', '2022-11-24 06:04:11'),
(308, '1668510568', NULL, NULL, '2', 'view', '2022-11-24 06:04:11', '2022-11-24 06:04:11'),
(309, '1668510568', NULL, NULL, '2', 'create', '2022-11-24 06:04:11', '2022-11-24 06:04:11'),
(310, '1668510568', NULL, NULL, '2', 'update', '2022-11-24 06:04:11', '2022-11-24 06:04:11'),
(311, '1668510568', NULL, NULL, '2', 'delete', '2022-11-24 06:04:11', '2022-11-24 06:04:11'),
(312, NULL, '9', NULL, '2', 'view', '2022-11-24 06:04:11', '2022-11-24 06:04:11'),
(313, NULL, '9', NULL, '2', 'create', '2022-11-24 06:04:11', '2022-11-24 06:04:11'),
(314, NULL, '9', NULL, '2', 'update', '2022-11-24 06:04:11', '2022-11-24 06:04:11'),
(315, NULL, '9', NULL, '2', 'delete', '2022-11-24 06:04:11', '2022-11-24 06:04:11'),
(320, NULL, '17', NULL, '2', 'view', '2022-11-24 06:04:11', '2022-11-24 06:04:11'),
(321, NULL, '17', NULL, '2', 'create', '2022-11-24 06:04:11', '2022-11-24 06:04:11'),
(322, NULL, '17', NULL, '2', 'update', '2022-11-24 06:04:11', '2022-11-24 06:04:11'),
(323, NULL, '17', NULL, '2', 'delete', '2022-11-24 06:04:11', '2022-11-24 06:04:11'),
(324, NULL, '10', NULL, '2', 'view', '2022-11-24 06:04:11', '2022-11-24 06:04:11'),
(325, NULL, '10', NULL, '2', 'create', '2022-11-24 06:04:11', '2022-11-24 06:04:11'),
(326, NULL, '10', NULL, '2', 'update', '2022-11-24 06:04:11', '2022-11-24 06:04:11'),
(327, NULL, '10', NULL, '2', 'delete', '2022-11-24 06:04:11', '2022-11-24 06:04:11'),
(332, NULL, '18', NULL, '2', 'view', '2022-11-24 06:04:11', '2022-11-24 06:04:11'),
(333, NULL, '18', NULL, '2', 'create', '2022-11-24 06:04:11', '2022-11-24 06:04:11'),
(334, NULL, '18', NULL, '2', 'update', '2022-11-24 06:04:11', '2022-11-24 06:04:11'),
(335, NULL, '18', NULL, '2', 'delete', '2022-11-24 06:04:11', '2022-11-24 06:04:11'),
(336, NULL, '19', NULL, '2', 'view', '2022-11-24 06:04:11', '2022-11-24 06:04:11'),
(337, NULL, '19', NULL, '2', 'create', '2022-11-24 06:04:11', '2022-11-24 06:04:11'),
(338, NULL, '19', NULL, '2', 'update', '2022-11-24 06:04:11', '2022-11-24 06:04:11'),
(339, NULL, '19', NULL, '2', 'delete', '2022-11-24 06:04:11', '2022-11-24 06:04:11'),
(340, NULL, '20', NULL, '2', 'view', '2022-11-24 06:04:11', '2022-11-24 06:04:11'),
(341, NULL, '20', NULL, '2', 'create', '2022-11-24 06:04:11', '2022-11-24 06:04:11'),
(342, NULL, '20', NULL, '2', 'update', '2022-11-24 06:04:11', '2022-11-24 06:04:11'),
(343, NULL, '20', NULL, '2', 'delete', '2022-11-24 06:04:11', '2022-11-24 06:04:11'),
(344, NULL, NULL, '1', '2', 'view', '2022-11-24 06:04:11', '2022-11-24 06:04:11'),
(345, NULL, NULL, '2', '2', 'view', '2022-11-24 06:04:11', '2022-11-24 06:04:11'),
(346, NULL, NULL, '3', '2', 'view', '2022-11-24 06:04:11', '2022-11-24 06:04:11'),
(347, NULL, NULL, '4', '2', 'view', '2022-11-24 06:04:11', '2022-11-24 06:04:11'),
(349, NULL, NULL, '6', '2', 'view', '2022-11-24 06:04:11', '2022-11-24 06:04:11'),
(350, NULL, NULL, '1', '2', 'create', '2022-11-24 06:04:11', '2022-11-24 06:04:11'),
(351, NULL, NULL, '2', '2', 'create', '2022-11-24 06:04:11', '2022-11-24 06:04:11'),
(352, NULL, NULL, '3', '2', 'create', '2022-11-24 06:04:11', '2022-11-24 06:04:11'),
(353, NULL, NULL, '4', '2', 'create', '2022-11-24 06:04:11', '2022-11-24 06:04:11'),
(354, NULL, NULL, '5', '2', 'create', '2022-11-24 06:04:11', '2022-11-24 06:04:11'),
(355, NULL, NULL, '6', '2', 'create', '2022-11-24 06:04:11', '2022-11-24 06:04:11'),
(356, NULL, NULL, '1', '2', 'update', '2022-11-24 06:04:11', '2022-11-24 06:04:11'),
(357, NULL, NULL, '2', '2', 'update', '2022-11-24 06:04:11', '2022-11-24 06:04:11'),
(358, NULL, NULL, '3', '2', 'update', '2022-11-24 06:04:11', '2022-11-24 06:04:11'),
(359, NULL, NULL, '4', '2', 'update', '2022-11-24 06:04:11', '2022-11-24 06:04:11'),
(360, NULL, NULL, '5', '2', 'update', '2022-11-24 06:04:11', '2022-11-24 06:04:11'),
(361, NULL, NULL, '6', '2', 'update', '2022-11-24 06:04:11', '2022-11-24 06:04:11'),
(362, NULL, NULL, '1', '2', 'delete', '2022-11-24 06:04:11', '2022-11-24 06:04:11'),
(363, NULL, NULL, '2', '2', 'delete', '2022-11-24 06:04:11', '2022-11-24 06:04:11'),
(364, NULL, NULL, '3', '2', 'delete', '2022-11-24 06:04:11', '2022-11-24 06:04:11'),
(365, NULL, NULL, '4', '2', 'delete', '2022-11-24 06:04:11', '2022-11-24 06:04:11'),
(366, NULL, NULL, '5', '2', 'delete', '2022-11-24 06:04:11', '2022-11-24 06:04:11'),
(367, NULL, NULL, '6', '2', 'delete', '2022-11-24 06:04:11', '2022-11-24 06:04:11'),
(368, '1667444041', NULL, NULL, '3', 'view', '2022-11-24 06:08:11', '2022-11-24 06:08:11'),
(369, '1667444041', NULL, NULL, '3', 'create', '2022-11-24 06:08:11', '2022-11-24 06:08:11'),
(370, '1667444041', NULL, NULL, '3', 'update', '2022-11-24 06:08:11', '2022-11-24 06:08:11'),
(371, '1667444041', NULL, NULL, '3', 'delete', '2022-11-24 06:08:11', '2022-11-24 06:08:11'),
(372, '1668509889', NULL, NULL, '3', 'view', '2022-11-24 06:08:11', '2022-11-24 06:08:11'),
(373, '1668509889', NULL, NULL, '3', 'create', '2022-11-24 06:08:11', '2022-11-24 06:08:11'),
(374, '1668509889', NULL, NULL, '3', 'update', '2022-11-24 06:08:11', '2022-11-24 06:08:11'),
(375, '1668509889', NULL, NULL, '3', 'delete', '2022-11-24 06:08:11', '2022-11-24 06:08:11'),
(376, '1668510437', NULL, NULL, '3', 'view', '2022-11-24 06:08:11', '2022-11-24 06:08:11'),
(377, '1668510437', NULL, NULL, '3', 'create', '2022-11-24 06:08:11', '2022-11-24 06:08:11'),
(378, '1668510437', NULL, NULL, '3', 'update', '2022-11-24 06:08:11', '2022-11-24 06:08:11'),
(379, '1668510437', NULL, NULL, '3', 'delete', '2022-11-24 06:08:11', '2022-11-24 06:08:11'),
(381, '1668510568', NULL, NULL, '3', 'create', '2022-11-24 06:08:11', '2022-11-24 06:08:11'),
(382, '1668510568', NULL, NULL, '3', 'update', '2022-11-24 06:08:11', '2022-11-24 06:08:11'),
(383, '1668510568', NULL, NULL, '3', 'delete', '2022-11-24 06:08:11', '2022-11-24 06:08:11'),
(384, NULL, '9', NULL, '3', 'view', '2022-11-24 06:08:11', '2022-11-24 06:08:11'),
(385, NULL, '9', NULL, '3', 'create', '2022-11-24 06:08:11', '2022-11-24 06:08:11'),
(386, NULL, '9', NULL, '3', 'update', '2022-11-24 06:08:11', '2022-11-24 06:08:11'),
(387, NULL, '9', NULL, '3', 'delete', '2022-11-24 06:08:11', '2022-11-24 06:08:11'),
(392, NULL, '17', NULL, '3', 'view', '2022-11-24 06:08:11', '2022-11-24 06:08:11'),
(393, NULL, '17', NULL, '3', 'create', '2022-11-24 06:08:11', '2022-11-24 06:08:11'),
(394, NULL, '17', NULL, '3', 'update', '2022-11-24 06:08:11', '2022-11-24 06:08:11'),
(395, NULL, '17', NULL, '3', 'delete', '2022-11-24 06:08:11', '2022-11-24 06:08:11'),
(396, NULL, '10', NULL, '3', 'view', '2022-11-24 06:08:11', '2022-11-24 06:08:11'),
(397, NULL, '10', NULL, '3', 'create', '2022-11-24 06:08:11', '2022-11-24 06:08:11'),
(398, NULL, '10', NULL, '3', 'update', '2022-11-24 06:08:11', '2022-11-24 06:08:11'),
(399, NULL, '10', NULL, '3', 'delete', '2022-11-24 06:08:11', '2022-11-24 06:08:11'),
(404, NULL, '18', NULL, '3', 'view', '2022-11-24 06:08:11', '2022-11-24 06:08:11'),
(405, NULL, '18', NULL, '3', 'create', '2022-11-24 06:08:11', '2022-11-24 06:08:11'),
(406, NULL, '18', NULL, '3', 'update', '2022-11-24 06:08:11', '2022-11-24 06:08:11'),
(407, NULL, '18', NULL, '3', 'delete', '2022-11-24 06:08:11', '2022-11-24 06:08:11'),
(408, NULL, '19', NULL, '3', 'view', '2022-11-24 06:08:11', '2022-11-24 06:08:11'),
(409, NULL, '19', NULL, '3', 'create', '2022-11-24 06:08:11', '2022-11-24 06:08:11'),
(410, NULL, '19', NULL, '3', 'update', '2022-11-24 06:08:11', '2022-11-24 06:08:11'),
(411, NULL, '19', NULL, '3', 'delete', '2022-11-24 06:08:11', '2022-11-24 06:08:11'),
(412, NULL, '20', NULL, '3', 'view', '2022-11-24 06:08:11', '2022-11-24 06:08:11'),
(413, NULL, '20', NULL, '3', 'create', '2022-11-24 06:08:11', '2022-11-24 06:08:11'),
(414, NULL, '20', NULL, '3', 'update', '2022-11-24 06:08:11', '2022-11-24 06:08:11'),
(415, NULL, '20', NULL, '3', 'delete', '2022-11-24 06:08:11', '2022-11-24 06:08:11'),
(417, NULL, NULL, '2', '3', 'view', '2022-11-24 06:08:11', '2022-11-24 06:08:11'),
(418, NULL, NULL, '3', '3', 'view', '2022-11-24 06:08:11', '2022-11-24 06:08:11'),
(419, NULL, NULL, '4', '3', 'view', '2022-11-24 06:08:11', '2022-11-24 06:08:11'),
(420, NULL, NULL, '5', '3', 'view', '2022-11-24 06:08:11', '2022-11-24 06:08:11'),
(421, NULL, NULL, '6', '3', 'view', '2022-11-24 06:08:11', '2022-11-24 06:08:11'),
(422, NULL, NULL, '1', '3', 'create', '2022-11-24 06:08:11', '2022-11-24 06:08:11'),
(423, NULL, NULL, '2', '3', 'create', '2022-11-24 06:08:11', '2022-11-24 06:08:11'),
(424, NULL, NULL, '3', '3', 'create', '2022-11-24 06:08:11', '2022-11-24 06:08:11'),
(425, NULL, NULL, '4', '3', 'create', '2022-11-24 06:08:11', '2022-11-24 06:08:11'),
(426, NULL, NULL, '5', '3', 'create', '2022-11-24 06:08:11', '2022-11-24 06:08:11'),
(427, NULL, NULL, '6', '3', 'create', '2022-11-24 06:08:11', '2022-11-24 06:08:11'),
(428, NULL, NULL, '1', '3', 'update', '2022-11-24 06:08:11', '2022-11-24 06:08:11'),
(429, NULL, NULL, '2', '3', 'update', '2022-11-24 06:08:11', '2022-11-24 06:08:11'),
(430, NULL, NULL, '3', '3', 'update', '2022-11-24 06:08:11', '2022-11-24 06:08:11'),
(431, NULL, NULL, '4', '3', 'update', '2022-11-24 06:08:11', '2022-11-24 06:08:11'),
(432, NULL, NULL, '5', '3', 'update', '2022-11-24 06:08:11', '2022-11-24 06:08:11'),
(433, NULL, NULL, '6', '3', 'update', '2022-11-24 06:08:11', '2022-11-24 06:08:11'),
(434, NULL, NULL, '1', '3', 'delete', '2022-11-24 06:08:11', '2022-11-24 06:08:11'),
(435, NULL, NULL, '2', '3', 'delete', '2022-11-24 06:08:11', '2022-11-24 06:08:11'),
(436, NULL, NULL, '3', '3', 'delete', '2022-11-24 06:08:11', '2022-11-24 06:08:11'),
(437, NULL, NULL, '4', '3', 'delete', '2022-11-24 06:08:11', '2022-11-24 06:08:11'),
(438, NULL, NULL, '5', '3', 'delete', '2022-11-24 06:08:11', '2022-11-24 06:08:11'),
(439, NULL, NULL, '6', '3', 'delete', '2022-11-24 06:08:11', '2022-11-24 06:08:11'),
(440, '1669390641', NULL, NULL, '1', 'view', '2022-11-25 08:37:59', '2022-11-25 08:37:59'),
(441, '1669390641', NULL, NULL, '1', 'create', '2022-11-25 08:38:06', '2022-11-25 08:38:06'),
(442, '1669390641', NULL, NULL, '1', 'update', '2022-11-25 08:38:07', '2022-11-25 08:38:07'),
(443, '1669390641', NULL, NULL, '1', 'delete', '2022-11-25 08:38:08', '2022-11-25 08:38:08'),
(444, '1669390641', NULL, NULL, '2', 'view', '2022-11-25 08:38:23', '2022-11-25 08:38:23'),
(445, '1669390641', NULL, NULL, '2', 'create', '2022-11-25 08:38:31', '2022-11-25 08:38:31'),
(446, '1669390641', NULL, NULL, '2', 'update', '2022-11-25 08:38:31', '2022-11-25 08:38:31'),
(447, '1669390641', NULL, NULL, '2', 'delete', '2022-11-25 08:38:32', '2022-11-25 08:38:32'),
(448, '1669390641', NULL, NULL, '3', 'view', '2022-11-25 08:38:49', '2022-11-25 08:38:49'),
(449, '1669390641', NULL, NULL, '3', 'create', '2022-11-25 08:38:55', '2022-11-25 08:38:55'),
(450, '1669390641', NULL, NULL, '3', 'update', '2022-11-25 08:38:55', '2022-11-25 08:38:55'),
(451, '1669390641', NULL, NULL, '3', 'delete', '2022-11-25 08:38:57', '2022-11-25 08:38:57'),
(452, NULL, '21', NULL, '1', 'view', '2022-11-30 05:57:38', '2022-11-30 05:57:38'),
(453, NULL, '22', NULL, '1', 'view', '2022-11-30 05:57:39', '2022-11-30 05:57:39'),
(454, NULL, '23', NULL, '1', 'view', '2022-11-30 05:57:40', '2022-11-30 05:57:40'),
(455, NULL, '21', NULL, '1', 'create', '2022-11-30 05:57:53', '2022-11-30 05:57:53'),
(456, NULL, '22', NULL, '1', 'create', '2022-11-30 05:57:54', '2022-11-30 05:57:54'),
(457, NULL, '23', NULL, '1', 'create', '2022-11-30 05:57:55', '2022-11-30 05:57:55'),
(458, NULL, '23', NULL, '1', 'update', '2022-11-30 05:57:56', '2022-11-30 05:57:56'),
(459, NULL, '22', NULL, '1', 'update', '2022-11-30 05:57:56', '2022-11-30 05:57:56'),
(460, NULL, '21', NULL, '1', 'update', '2022-11-30 05:57:57', '2022-11-30 05:57:57'),
(461, NULL, '21', NULL, '1', 'delete', '2022-11-30 05:57:57', '2022-11-30 05:57:57'),
(462, NULL, '22', NULL, '1', 'delete', '2022-11-30 05:57:58', '2022-11-30 05:57:58'),
(463, NULL, '23', NULL, '1', 'delete', '2022-11-30 05:57:58', '2022-11-30 05:57:58'),
(464, NULL, '21', NULL, '2', 'view', '2022-11-30 05:58:28', '2022-11-30 05:58:28'),
(465, NULL, '22', NULL, '2', 'view', '2022-11-30 05:58:29', '2022-11-30 05:58:29'),
(466, NULL, '23', NULL, '2', 'view', '2022-11-30 05:58:31', '2022-11-30 05:58:31'),
(467, NULL, '21', NULL, '2', 'create', '2022-11-30 05:59:04', '2022-11-30 05:59:04'),
(468, NULL, '21', NULL, '2', 'update', '2022-11-30 05:59:05', '2022-11-30 05:59:05'),
(469, NULL, '21', NULL, '2', 'delete', '2022-11-30 05:59:06', '2022-11-30 05:59:06'),
(470, NULL, '22', NULL, '2', 'delete', '2022-11-30 05:59:07', '2022-11-30 05:59:07'),
(471, NULL, '22', NULL, '2', 'update', '2022-11-30 05:59:08', '2022-11-30 05:59:08'),
(472, NULL, '22', NULL, '2', 'create', '2022-11-30 05:59:09', '2022-11-30 05:59:09'),
(473, NULL, '23', NULL, '2', 'create', '2022-11-30 05:59:10', '2022-11-30 05:59:10'),
(474, NULL, '23', NULL, '2', 'update', '2022-11-30 05:59:11', '2022-11-30 05:59:11'),
(475, NULL, '23', NULL, '2', 'delete', '2022-11-30 05:59:12', '2022-11-30 05:59:12'),
(476, NULL, '21', NULL, '3', 'view', '2022-11-30 05:59:47', '2022-11-30 05:59:47'),
(477, NULL, '22', NULL, '3', 'view', '2022-11-30 05:59:48', '2022-11-30 05:59:48'),
(478, NULL, '23', NULL, '3', 'view', '2022-11-30 05:59:48', '2022-11-30 05:59:48'),
(479, NULL, '21', NULL, '3', 'create', '2022-11-30 06:00:24', '2022-11-30 06:00:24'),
(480, NULL, '21', NULL, '3', 'update', '2022-11-30 06:00:25', '2022-11-30 06:00:25'),
(481, NULL, '21', NULL, '3', 'delete', '2022-11-30 06:00:26', '2022-11-30 06:00:26'),
(482, NULL, '22', NULL, '3', 'delete', '2022-11-30 06:00:27', '2022-11-30 06:00:27'),
(483, NULL, '22', NULL, '3', 'update', '2022-11-30 06:00:28', '2022-11-30 06:00:28'),
(484, NULL, '22', NULL, '3', 'create', '2022-11-30 06:00:29', '2022-11-30 06:00:29'),
(485, NULL, '23', NULL, '3', 'create', '2022-11-30 06:00:30', '2022-11-30 06:00:30'),
(486, NULL, '23', NULL, '3', 'update', '2022-11-30 06:00:30', '2022-11-30 06:00:30'),
(487, NULL, '23', NULL, '3', 'delete', '2022-11-30 06:00:31', '2022-11-30 06:00:31'),
(488, '1667444041', NULL, NULL, '4', 'view', '2022-12-06 02:34:31', '2022-12-06 02:34:31'),
(489, '1667444041', NULL, NULL, '4', 'create', '2022-12-06 02:34:31', '2022-12-06 02:34:31'),
(490, '1667444041', NULL, NULL, '4', 'update', '2022-12-06 02:34:31', '2022-12-06 02:34:31'),
(491, '1667444041', NULL, NULL, '4', 'delete', '2022-12-06 02:34:31', '2022-12-06 02:34:31'),
(493, '1668509889', NULL, NULL, '4', 'create', '2022-12-06 02:34:31', '2022-12-06 02:34:31'),
(494, '1668509889', NULL, NULL, '4', 'update', '2022-12-06 02:34:31', '2022-12-06 02:34:31'),
(495, '1668509889', NULL, NULL, '4', 'delete', '2022-12-06 02:34:31', '2022-12-06 02:34:31'),
(497, '1669390641', NULL, NULL, '4', 'create', '2022-12-06 02:34:31', '2022-12-06 02:34:31'),
(498, '1669390641', NULL, NULL, '4', 'update', '2022-12-06 02:34:31', '2022-12-06 02:34:31'),
(499, '1669390641', NULL, NULL, '4', 'delete', '2022-12-06 02:34:31', '2022-12-06 02:34:31'),
(501, '1668510437', NULL, NULL, '4', 'create', '2022-12-06 02:34:31', '2022-12-06 02:34:31'),
(502, '1668510437', NULL, NULL, '4', 'update', '2022-12-06 02:34:31', '2022-12-06 02:34:31'),
(503, '1668510437', NULL, NULL, '4', 'delete', '2022-12-06 02:34:31', '2022-12-06 02:34:31'),
(504, '1668510568', NULL, NULL, '4', 'view', '2022-12-06 02:34:31', '2022-12-06 02:34:31'),
(505, '1668510568', NULL, NULL, '4', 'create', '2022-12-06 02:34:31', '2022-12-06 02:34:31'),
(506, '1668510568', NULL, NULL, '4', 'update', '2022-12-06 02:34:31', '2022-12-06 02:34:31'),
(507, '1668510568', NULL, NULL, '4', 'delete', '2022-12-06 02:34:31', '2022-12-06 02:34:31'),
(508, NULL, '9', NULL, '4', 'view', '2022-12-06 02:34:31', '2022-12-06 02:34:31'),
(509, NULL, '9', NULL, '4', 'create', '2022-12-06 02:34:31', '2022-12-06 02:34:31'),
(510, NULL, '9', NULL, '4', 'update', '2022-12-06 02:34:31', '2022-12-06 02:34:31'),
(511, NULL, '9', NULL, '4', 'delete', '2022-12-06 02:34:31', '2022-12-06 02:34:31'),
(512, NULL, '17', NULL, '4', 'view', '2022-12-06 02:34:31', '2022-12-06 02:34:31'),
(513, NULL, '17', NULL, '4', 'create', '2022-12-06 02:34:31', '2022-12-06 02:34:31'),
(514, NULL, '17', NULL, '4', 'update', '2022-12-06 02:34:31', '2022-12-06 02:34:31'),
(515, NULL, '17', NULL, '4', 'delete', '2022-12-06 02:34:31', '2022-12-06 02:34:31'),
(516, NULL, '21', NULL, '4', 'view', '2022-12-06 02:34:31', '2022-12-06 02:34:31'),
(517, NULL, '21', NULL, '4', 'create', '2022-12-06 02:34:31', '2022-12-06 02:34:31'),
(518, NULL, '21', NULL, '4', 'update', '2022-12-06 02:34:31', '2022-12-06 02:34:31'),
(519, NULL, '21', NULL, '4', 'delete', '2022-12-06 02:34:31', '2022-12-06 02:34:31'),
(520, NULL, '10', NULL, '4', 'view', '2022-12-06 02:34:31', '2022-12-06 02:34:31'),
(521, NULL, '10', NULL, '4', 'create', '2022-12-06 02:34:31', '2022-12-06 02:34:31'),
(522, NULL, '10', NULL, '4', 'update', '2022-12-06 02:34:31', '2022-12-06 02:34:31'),
(523, NULL, '10', NULL, '4', 'delete', '2022-12-06 02:34:31', '2022-12-06 02:34:31'),
(524, NULL, '18', NULL, '4', 'view', '2022-12-06 02:34:31', '2022-12-06 02:34:31'),
(525, NULL, '18', NULL, '4', 'create', '2022-12-06 02:34:31', '2022-12-06 02:34:31'),
(526, NULL, '18', NULL, '4', 'update', '2022-12-06 02:34:31', '2022-12-06 02:34:31'),
(527, NULL, '18', NULL, '4', 'delete', '2022-12-06 02:34:31', '2022-12-06 02:34:31'),
(528, NULL, '22', NULL, '4', 'view', '2022-12-06 02:34:31', '2022-12-06 02:34:31'),
(529, NULL, '22', NULL, '4', 'create', '2022-12-06 02:34:31', '2022-12-06 02:34:31'),
(530, NULL, '22', NULL, '4', 'update', '2022-12-06 02:34:31', '2022-12-06 02:34:31'),
(531, NULL, '22', NULL, '4', 'delete', '2022-12-06 02:34:31', '2022-12-06 02:34:31'),
(532, NULL, '19', NULL, '4', 'view', '2022-12-06 02:34:31', '2022-12-06 02:34:31'),
(533, NULL, '19', NULL, '4', 'create', '2022-12-06 02:34:31', '2022-12-06 02:34:31'),
(534, NULL, '19', NULL, '4', 'update', '2022-12-06 02:34:31', '2022-12-06 02:34:31'),
(535, NULL, '19', NULL, '4', 'delete', '2022-12-06 02:34:31', '2022-12-06 02:34:31'),
(536, NULL, '23', NULL, '4', 'view', '2022-12-06 02:34:31', '2022-12-06 02:34:31'),
(537, NULL, '23', NULL, '4', 'create', '2022-12-06 02:34:31', '2022-12-06 02:34:31'),
(538, NULL, '23', NULL, '4', 'update', '2022-12-06 02:34:31', '2022-12-06 02:34:31'),
(539, NULL, '23', NULL, '4', 'delete', '2022-12-06 02:34:31', '2022-12-06 02:34:31'),
(540, NULL, '20', NULL, '4', 'view', '2022-12-06 02:34:31', '2022-12-06 02:34:31'),
(541, NULL, '20', NULL, '4', 'create', '2022-12-06 02:34:31', '2022-12-06 02:34:31'),
(542, NULL, '20', NULL, '4', 'update', '2022-12-06 02:34:31', '2022-12-06 02:34:31'),
(543, NULL, '20', NULL, '4', 'delete', '2022-12-06 02:34:31', '2022-12-06 02:34:31'),
(545, NULL, NULL, '2', '4', 'view', '2022-12-06 02:34:31', '2022-12-06 02:34:31'),
(546, NULL, NULL, '3', '4', 'view', '2022-12-06 02:34:31', '2022-12-06 02:34:31'),
(547, NULL, NULL, '4', '4', 'view', '2022-12-06 02:34:31', '2022-12-06 02:34:31'),
(548, NULL, NULL, '5', '4', 'view', '2022-12-06 02:34:31', '2022-12-06 02:34:31'),
(549, NULL, NULL, '6', '4', 'view', '2022-12-06 02:34:31', '2022-12-06 02:34:31'),
(550, NULL, NULL, '1', '4', 'create', '2022-12-06 02:34:31', '2022-12-06 02:34:31'),
(551, NULL, NULL, '2', '4', 'create', '2022-12-06 02:34:31', '2022-12-06 02:34:31'),
(552, NULL, NULL, '3', '4', 'create', '2022-12-06 02:34:31', '2022-12-06 02:34:31'),
(553, NULL, NULL, '4', '4', 'create', '2022-12-06 02:34:31', '2022-12-06 02:34:31'),
(554, NULL, NULL, '5', '4', 'create', '2022-12-06 02:34:31', '2022-12-06 02:34:31'),
(555, NULL, NULL, '6', '4', 'create', '2022-12-06 02:34:31', '2022-12-06 02:34:31'),
(556, NULL, NULL, '1', '4', 'update', '2022-12-06 02:34:31', '2022-12-06 02:34:31'),
(557, NULL, NULL, '2', '4', 'update', '2022-12-06 02:34:31', '2022-12-06 02:34:31'),
(558, NULL, NULL, '3', '4', 'update', '2022-12-06 02:34:31', '2022-12-06 02:34:31'),
(559, NULL, NULL, '4', '4', 'update', '2022-12-06 02:34:31', '2022-12-06 02:34:31'),
(560, NULL, NULL, '5', '4', 'update', '2022-12-06 02:34:31', '2022-12-06 02:34:31'),
(561, NULL, NULL, '6', '4', 'update', '2022-12-06 02:34:31', '2022-12-06 02:34:31'),
(562, NULL, NULL, '1', '4', 'delete', '2022-12-06 02:34:31', '2022-12-06 02:34:31'),
(563, NULL, NULL, '2', '4', 'delete', '2022-12-06 02:34:31', '2022-12-06 02:34:31'),
(564, NULL, NULL, '3', '4', 'delete', '2022-12-06 02:34:31', '2022-12-06 02:34:31'),
(565, NULL, NULL, '4', '4', 'delete', '2022-12-06 02:34:31', '2022-12-06 02:34:31'),
(566, NULL, NULL, '5', '4', 'delete', '2022-12-06 02:34:31', '2022-12-06 02:34:31'),
(567, NULL, NULL, '6', '4', 'delete', '2022-12-06 02:34:31', '2022-12-06 02:34:31');

-- --------------------------------------------------------

--
-- Table structure for table `tbl_appreance`
--

CREATE TABLE `tbl_appreance` (
  `appreance_id` int(10) UNSIGNED NOT NULL,
  `user_id` varchar(255) NOT NULL,
  `appreance_layout` varchar(255) DEFAULT NULL,
  `appreance_theme` varchar(255) DEFAULT NULL,
  `appreance_menu` varchar(255) DEFAULT NULL,
  `appreance_header` varchar(255) DEFAULT NULL,
  `appreance_sidestyle` varchar(255) DEFAULT NULL,
  `created_at` timestamp NULL DEFAULT NULL,
  `updated_at` timestamp NULL DEFAULT NULL
) ENGINE=InnoDB DEFAULT CHARSET=utf8mb4 COLLATE=utf8mb4_unicode_ci;

--
-- Dumping data for table `tbl_appreance`
--

INSERT INTO `tbl_appreance` (`appreance_id`, `user_id`, `appreance_layout`, `appreance_theme`, `appreance_menu`, `appreance_header`, `appreance_sidestyle`, `created_at`, `updated_at`) VALUES
(2, '1', 'sidebar-mini', 'light-mode', 'light-menu', 'header-light', 'default-menu', '2022-11-22 02:45:47', '2022-11-24 06:00:20');

-- --------------------------------------------------------

--
-- Table structure for table `tbl_barang`
--

CREATE TABLE `tbl_barang` (
  `barang_id` int(255) NOT NULL,
  `jenisbarang_id` varchar(255) DEFAULT NULL,
  `satuan_id` varchar(255) DEFAULT NULL,
  `gudang_id` varchar(255) DEFAULT NULL,
  `barang_kode` varchar(255) NOT NULL,
  `barang_nama` varchar(255) NOT NULL,
  `barang_slug` varchar(255) DEFAULT NULL,
  `barang_harga` varchar(255) NOT NULL,
  `barang_stok` varchar(255) NOT NULL,
  `barang_gambar` varchar(255) DEFAULT NULL,
  `created_at` timestamp NULL DEFAULT NULL,
  `updated_at` timestamp NULL DEFAULT NULL
) ENGINE=InnoDB DEFAULT CHARSET=latin1 COLLATE=latin1_swedish_ci;

-- --------------------------------------------------------

--
-- Table structure for table `tbl_barangkeluar`
--

CREATE TABLE `tbl_barangkeluar` (
  `bk_id` int(10) UNSIGNED NOT NULL,
  `bk_kode` varchar(255) NOT NULL,
  `barang_kode` varchar(255) NOT NULL,
  `bk_tanggal` varchar(255) NOT NULL,
  `bk_tujuan` varchar(255) DEFAULT NULL,
  `bk_jumlah` varchar(255) NOT NULL,
  `created_at` timestamp NULL DEFAULT NULL,
  `updated_at` timestamp NULL DEFAULT NULL
) ENGINE=InnoDB DEFAULT CHARSET=utf8mb4 COLLATE=utf8mb4_unicode_ci;

--
-- Dumping data for table `tbl_barangkeluar`
--

INSERT INTO `tbl_barangkeluar` (`bk_id`, `bk_kode`, `barang_kode`, `bk_tanggal`, `bk_tujuan`, `bk_jumlah`, `created_at`, `updated_at`) VALUES
(8, 'BK-1702440827102', 'BRG-1702285299374', '2023-03-24', 'Keperluan di Lahan', '1', '2023-12-12 14:14:01', '2023-12-12 14:14:01'),
(9, 'BK-1702440855775', 'BRG-1702285327493', '2023-03-24', 'Keperluan di Lahan', '2', '2023-12-12 14:14:30', '2023-12-12 14:14:30'),
(11, 'BK-1702441000423', 'BRG-1702286928488', '2023-03-24', 'Keperluan Kantor Lahan', '1', '2023-12-12 14:17:05', '2023-12-12 14:17:05'),
(13, 'BK-1702442061901', 'BRG-1702356725523', '2023-03-31', 'Keperluan Babat Rumput', '56', '2023-12-12 14:34:46', '2023-12-12 14:34:46'),
(19, 'BK-1702442725048', 'BRG-1702277967637', '2023-03-31', NULL, '0.75', '2023-12-12 14:45:39', '2023-12-12 14:45:39'),
(23, 'BK-1702442906082', 'BRG-1702352665778', '2023-04-06', NULL, '1', '2023-12-12 14:48:47', '2023-12-12 14:48:47'),
(24, 'BK-1702442929409', 'BRG-1702355369294', '2023-04-06', NULL, '2', '2023-12-12 14:48:59', '2023-12-12 14:48:59'),
(25, 'BK-1702443011577', 'BRG-1702285327493', '2023-04-06', NULL, '1', '2023-12-12 14:50:24', '2023-12-12 14:50:24'),
(28, 'BK-1702452266421', 'BRG-1702349009556', '2023-04-06', NULL, '1', '2023-12-12 17:24:46', '2023-12-12 17:24:46'),
(29, 'BK-1702452379452', 'BRG-1702354928362', '2023-04-14', NULL, '1', '2023-12-12 17:26:39', '2023-12-12 17:26:39'),
(30, 'BK-1702452414868', 'BRG-1702355149861', '2023-04-14', NULL, '10', '2023-12-12 17:27:10', '2023-12-12 17:27:10'),
(31, 'BK-1702452478613', 'BRG-1702355855705', '2023-04-14', NULL, '4', '2023-12-12 17:28:13', '2023-12-12 17:28:13'),
(32, 'BK-1702453318670', 'BRG-1702355540989', '2023-04-26', NULL, '2', '2023-12-12 17:42:11', '2023-12-12 17:42:11'),
(33, 'BK-1702453339429', 'BRG-1702352665778', '2023-04-26', NULL, '2', '2023-12-12 17:42:31', '2023-12-12 17:42:31'),
(34, 'BK-1702453360951', 'BRG-1702356725523', '2023-04-19', NULL, '70', '2023-12-12 17:42:52', '2023-12-12 17:42:52'),
(35, 'BK-1702453489687', 'BRG-1702352785076', '2023-05-08', NULL, '2', '2023-12-12 17:45:03', '2023-12-12 17:45:03'),
(36, 'BK-1702454063608', 'BRG-1702355444887', '2023-05-19', NULL, '1', '2023-12-12 17:54:46', '2023-12-12 17:54:46'),
(37, 'BK-1702454097119', 'BRG-1702355369294', '2023-05-19', NULL, '4', '2023-12-12 17:55:10', '2023-12-12 17:55:10'),
(38, 'BK-1702454116927', 'BRG-1702356725523', '2023-05-19', NULL, '28', '2023-12-12 17:55:25', '2023-12-12 17:55:25'),
(39, 'BK-1702454472386', 'BRG-1702355855705', '2023-05-30', NULL, '2', '2023-12-12 18:01:23', '2023-12-12 18:01:23'),
(40, 'BK-1702454547893', 'BRG-1702355149861', '2023-06-09', NULL, '3', '2023-12-12 18:02:46', '2023-12-12 18:02:46'),
(41, 'BK-1702454599097', 'BRG-1702356725523', '2023-06-09', NULL, '46', '2023-12-12 18:03:31', '2023-12-12 18:03:31'),
(42, 'BK-1702454621073', 'BRG-1702453684792', '2023-06-09', NULL, '3', '2023-12-12 18:03:57', '2023-12-12 18:03:57'),
(43, 'BK-1702454661041', 'BRG-1702354928362', '2023-06-23', NULL, '1', '2023-12-12 18:04:32', '2023-12-12 18:04:32'),
(44, 'BK-1702454681424', 'BRG-1702355149861', '2023-06-23', NULL, '2', '2023-12-12 18:04:54', '2023-12-12 18:04:54'),
(45, 'BK-1702454718360', 'BRG-1702355444887', '2023-06-23', NULL, '1', '2023-12-12 18:05:36', '2023-12-12 18:05:36'),
(46, 'BK-1702454747616', 'BRG-1702352920357', '2023-06-23', NULL, '1', '2023-12-12 18:06:03', '2023-12-12 18:06:03'),
(47, 'BK-1702454772881', 'BRG-1702355540989', '2023-06-23', NULL, '3', '2023-12-12 18:06:23', '2023-12-12 18:06:23'),
(48, 'BK-1702454838489', 'BRG-1702453684792', '2023-06-23', NULL, '3', '2023-12-12 18:07:31', '2023-12-12 18:07:31'),
(49, 'BK-1702454870465', 'BRG-1702356025666', '2023-06-23', NULL, '1', '2023-12-12 18:08:06', '2023-12-12 18:08:06'),
(51, 'BK-1702454908897', 'BRG-1702355927008', '2023-06-23', NULL, '1', '2023-12-12 18:08:48', '2023-12-12 18:08:48'),
(52, 'BK-1702454973800', 'BRG-1702356102941', '2023-06-23', NULL, '1', '2023-12-12 18:09:48', '2023-12-12 18:09:48'),
(53, 'BK-1702455019170', 'BRG-1702354928362', '2023-06-28', NULL, '3', '2023-12-12 18:10:33', '2023-12-12 18:10:33'),
(54, 'BK-1702455041298', 'BRG-1702355149861', '2023-06-28', NULL, '5', '2023-12-12 18:10:50', '2023-12-12 18:10:50'),
(55, 'BK-1702455096457', 'BRG-1702453684792', '2023-06-28', NULL, '5', '2023-12-12 18:11:47', '2023-12-12 18:11:47'),
(56, 'BK-1702455109376', 'BRG-1702454199320', '2023-06-28', NULL, '1', '2023-12-12 18:12:00', '2023-12-12 18:12:00'),
(57, 'BK-1702455299114', 'BRG-1702352665778', '2023-07-07', NULL, '1', '2023-12-12 18:15:11', '2023-12-12 18:15:11'),
(58, 'BK-1702455473403', 'BRG-1702355444887', '2023-07-14', NULL, '10', '2023-12-12 18:18:07', '2023-12-12 18:18:07'),
(59, 'BK-1702455511705', 'BRG-1702355540989', '2023-07-14', NULL, '3', '2023-12-12 18:18:44', '2023-12-12 18:18:44'),
(60, 'BK-1702455564185', 'BRG-1702287406967', '2023-07-14', NULL, '9', '2023-12-12 18:19:43', '2023-12-12 18:19:43'),
(61, 'BK-1702455609802', 'BRG-1702355149861', '2023-07-21', NULL, '2', '2023-12-12 18:20:33', '2023-12-12 18:20:33'),
(62, 'BK-1702455635449', 'BRG-1702352665778', '2023-07-21', NULL, '1', '2023-12-12 18:20:44', '2023-12-12 18:20:44'),
(63, 'BK-1702455670471', 'BRG-1702356725523', '2023-07-21', NULL, '38', '2023-12-12 18:21:20', '2023-12-12 18:21:20'),
(64, 'BK-1702455724267', 'BRG-1702287406967', '2023-07-21', NULL, '7', '2023-12-12 18:22:22', '2023-12-12 18:22:22'),
(65, 'BK-1702455751153', 'BRG-1702453684792', '2023-07-21', NULL, '3', '2023-12-12 18:22:44', '2023-12-12 18:22:44'),
(66, 'BK-1702455831705', 'BRG-1702355444887', '2023-07-28', NULL, '1', '2023-12-12 18:24:04', '2023-12-12 18:24:04'),
(67, 'BK-1702456041128', 'BRG-1702355149861', '2023-08-04', NULL, '3', '2023-12-12 18:27:35', '2023-12-12 18:27:35'),
(68, 'BK-1702456057514', 'BRG-1702352920357', '2023-08-04', NULL, '1', '2023-12-12 18:27:47', '2023-12-12 18:27:47'),
(69, 'BK-1702456088808', 'BRG-1702352665778', '2023-08-04', NULL, '3', '2023-12-12 18:28:21', '2023-12-12 18:28:21'),
(70, 'BK-1702456103466', 'BRG-1702352785076', '2023-08-04', NULL, '4', '2023-12-12 18:28:33', '2023-12-12 18:28:33'),
(71, 'BK-1702456161512', 'BRG-1702356725523', '2023-08-04', NULL, '84', '2023-12-12 18:29:33', '2023-12-12 18:29:33'),
(72, 'BK-1702456184907', 'BRG-1702287406967', '2023-08-04', NULL, '13', '2023-12-12 18:29:55', '2023-12-12 18:29:55'),
(73, 'BK-1702456200946', 'BRG-1702453684792', '2023-08-04', NULL, '1', '2023-12-12 18:30:10', '2023-12-12 18:30:10'),
(74, 'BK-1702456778731', 'BRG-1702355444887', '2023-08-11', NULL, '2', '2023-12-12 18:39:55', '2023-12-12 18:39:55'),
(75, 'BK-1702456938549', 'BRG-1702287406967', '2023-08-11', NULL, '10', '2023-12-12 18:42:31', '2023-12-12 18:42:31'),
(76, 'BK-1702457088773', 'BRG-1702354928362', '2023-08-18', NULL, '2', '2023-12-12 18:45:01', '2023-12-12 18:45:01'),
(77, 'BK-1702457109452', 'BRG-1702352920357', '2023-08-18', NULL, '2', '2023-12-12 18:45:19', '2023-12-12 18:45:19'),
(78, 'BK-1702457128068', 'BRG-1702352665778', '2023-08-18', NULL, '2', '2023-12-12 18:45:38', '2023-12-12 18:45:38'),
(79, 'BK-1702457549332', 'BRG-1702354928362', '2023-09-08', NULL, '1', '2023-12-12 18:52:44', '2023-12-12 18:52:44'),
(80, 'BK-1702457950603', 'BRG-1702354928362', '2023-09-19', NULL, '3', '2023-12-12 18:59:26', '2023-12-12 18:59:26'),
(81, 'BK-1702457992725', 'BRG-1702355149861', '2023-09-19', NULL, '4', '2023-12-12 19:00:03', '2023-12-12 19:00:03'),
(82, 'BK-1702458038612', 'BRG-1702352920357', '2023-09-19', NULL, '2', '2023-12-12 19:00:48', '2023-12-12 19:00:48'),
(83, 'BK-1702458067046', 'BRG-1702355444887', '2023-09-19', NULL, '1', '2023-12-12 19:01:16', '2023-12-12 19:01:16'),
(84, 'BK-1702458087005', 'BRG-1702352785076', '2023-09-19', NULL, '1', '2023-12-12 19:01:36', '2023-12-12 19:01:36'),
(85, 'BK-1702458195813', 'BRG-1702453684792', '2023-09-19', NULL, '4', '2023-12-12 19:03:28', '2023-12-12 19:03:28'),
(86, 'BK-1702458569788', 'BRG-1702458465007', '2023-09-19', NULL, '400', '2023-12-12 19:09:53', '2023-12-12 19:09:53'),
(87, 'BK-1702458785236', 'BRG-1702356249156', '2023-09-29', NULL, '3', '2023-12-12 19:13:20', '2023-12-12 19:13:20'),
(88, 'BK-1702458815015', 'BRG-1702458295232', '2023-09-29', NULL, '2', '2023-12-12 19:13:49', '2023-12-12 19:13:49'),
(89, 'BK-1702459295799', 'BRG-1702285327493', '2023-09-29', NULL, '1', '2023-12-12 19:21:46', '2023-12-12 19:21:46'),
(90, 'BK-1702525812318', 'BRG-1702354928362', '2023-09-29', NULL, '1', '2023-12-13 13:50:25', '2023-12-13 13:50:25'),
(91, 'BK-1702525833014', 'BRG-1702355042287', '2023-09-29', NULL, '1', '2023-12-13 13:50:46', '2023-12-13 13:50:46'),
(92, 'BK-1702526258566', 'BRG-1702355149861', '2023-10-06', NULL, '5', '2023-12-13 13:57:54', '2023-12-13 13:57:54'),
(93, 'BK-1702526280885', 'BRG-1702355444887', '2023-10-06', NULL, '1', '2023-12-13 13:58:12', '2023-12-13 13:58:12'),
(94, 'BK-1702526297835', 'BRG-1702287838183', '2023-10-06', NULL, '1', '2023-12-13 13:58:27', '2023-12-13 13:58:27'),
(95, 'BK-1702526314965', 'BRG-1702352785076', '2023-10-06', NULL, '3', '2023-12-13 13:58:44', '2023-12-13 13:58:44'),
(96, 'BK-1702526330854', 'BRG-1702355369294', '2023-10-06', NULL, '1', '2023-12-13 13:59:00', '2023-12-13 13:59:00'),
(97, 'BK-1702526345932', 'BRG-1702287406967', '2023-10-06', NULL, '1', '2023-12-13 13:59:16', '2023-12-13 13:59:16'),
(98, 'BK-1702526362461', 'BRG-1702285299374', '2023-10-06', NULL, '1', '2023-12-13 13:59:30', '2023-12-13 13:59:30'),
(99, 'BK-1702526525837', 'BRG-1702352665778', '2023-10-13', NULL, '4', '2023-12-13 14:02:20', '2023-12-13 14:02:20'),
(100, 'BK-1702526544420', 'BRG-1702355369294', '2023-10-13', NULL, '3', '2023-12-13 14:02:34', '2023-12-13 14:02:34'),
(101, 'BK-1702526857102', 'BRG-1702352665778', '2023-10-23', NULL, '10', '2023-12-13 14:07:54', '2023-12-13 14:07:54'),
(102, 'BK-1702526882221', 'BRG-1702287406967', '2023-10-23', NULL, '3', '2023-12-13 14:08:17', '2023-12-13 14:08:17'),
(103, 'BK-1702526899556', 'BRG-1702458295232', '2023-10-23', NULL, '1', '2023-12-13 14:08:33', '2023-12-13 14:08:33'),
(104, 'BK-1702527605582', 'BRG-1702355149861', '2023-11-10', NULL, '3', '2023-12-13 14:20:18', '2023-12-13 14:20:18'),
(105, 'BK-1702527623100', 'BRG-1702355369294', '2023-11-10', NULL, '1', '2023-12-13 14:20:31', '2023-12-13 14:20:31'),
(106, 'BK-1702527636372', 'BRG-1702527205724', '2023-11-10', NULL, '1', '2023-12-13 14:20:44', '2023-12-13 14:20:44'),
(107, 'BK-1702527646741', 'BRG-1702285327493', '2023-11-10', NULL, '1', '2023-12-13 14:20:57', '2023-12-13 14:20:57'),
(108, 'BK-1702527732637', 'BRG-1702352920357', '2023-11-17', NULL, '1', '2023-12-13 14:22:27', '2023-12-13 14:22:27'),
(109, 'BK-1702527753084', 'BRG-1702355369294', '2023-11-17', NULL, '1', '2023-12-13 14:22:41', '2023-12-13 14:22:41'),
(110, 'BK-1702527765157', 'BRG-1702286928488', '2023-11-17', NULL, '1', '2023-12-13 14:22:54', '2023-12-13 14:22:54'),
(111, 'BK-1702541833578', 'BRG-1702438232183', '2023-03-15', NULL, '4', '2023-12-13 18:17:39', '2023-12-13 18:17:39'),
(112, 'BK-1702542178260', 'BRG-1702285299374', '2023-03-24', NULL, '1', '2023-12-13 18:23:17', '2023-12-13 18:23:17'),
(113, 'BK-1702542201082', 'BRG-1702285327493', '2023-03-24', NULL, '2', '2023-12-13 18:23:40', '2023-12-13 18:23:40'),
(114, 'BK-1702542286713', 'BRG-1702437925363', '2023-03-24', NULL, '1', '2023-12-13 18:25:00', '2023-12-13 18:25:00'),
(115, 'BK-1702542326621', 'BRG-1702286928488', '2023-03-24', NULL, '1', '2023-12-13 18:25:39', '2023-12-13 18:25:39'),
(116, 'BK-1702542633562', 'BRG-1702278943055', '2023-03-24', NULL, '12', '2023-12-13 18:30:48', '2023-12-13 18:30:48'),
(117, 'BK-1702543099507', 'BRG-1702278486430', '2023-03-31', NULL, '1000', '2023-12-13 18:38:35', '2023-12-13 18:38:35'),
(118, 'BK-1702543131699', 'BRG-1702279146800', '2023-03-31', NULL, '500', '2023-12-13 18:39:11', '2023-12-13 18:40:11'),
(119, 'BK-1702543226225', 'BRG-1702279323735', '2023-03-31', NULL, '1000', '2023-12-13 18:40:59', '2023-12-13 18:40:59'),
(120, 'BK-1702543465340', 'BRG-1702285327493', '2023-04-06', NULL, '1', '2023-12-13 18:44:47', '2023-12-13 18:44:47'),
(121, 'BK-1702543489786', 'BRG-1702287406967', '2023-04-06', NULL, '1', '2023-12-13 18:45:00', '2023-12-13 18:45:00'),
(122, 'BK-1702543505395', 'BRG-1702278847172', '2023-04-06', NULL, '250', '2023-12-13 18:45:45', '2023-12-13 18:45:45'),
(123, 'BK-1702543550915', 'BRG-1702279057462', '2023-04-06', NULL, '100', '2023-12-13 18:46:04', '2023-12-13 18:46:04'),
(124, 'BK-1702544055228', 'BRG-1702349009556', '2023-04-06', NULL, '1', '2023-12-13 18:54:32', '2023-12-13 18:54:32'),
(125, 'BK-1702544492851', 'BRG-1702277447781', '2023-04-14', NULL, '12000', '2023-12-13 19:01:50', '2023-12-13 19:01:50'),
(126, 'BK-1702544512155', 'BRG-1702349009556', '2023-04-14', NULL, '8', '2023-12-13 19:02:10', '2023-12-13 19:02:10'),
(127, 'BK-1702545581645', 'BRG-1702278486430', '2023-04-26', NULL, '1000', '2023-12-13 19:19:56', '2023-12-13 19:19:56'),
(128, 'BK-1702545600253', 'BRG-1702279194191', '2023-04-26', NULL, '100', '2023-12-13 19:20:15', '2023-12-13 19:20:15'),
(129, 'BK-1702545618060', 'BRG-1702279612152', '2023-04-26', NULL, '30', '2023-12-13 19:20:30', '2023-12-13 19:20:30'),
(130, 'BK-1702545870590', 'BRG-1702285327493', '2023-05-08', NULL, '3', '2023-12-13 19:24:52', '2023-12-13 19:24:52'),
(131, 'BK-1702545914411', 'BRG-1702442582905', '2023-05-08', NULL, '2', '2023-12-13 19:25:32', '2023-12-13 19:25:32'),
(132, 'BK-1702545949621', 'BRG-1702357862296', '2023-05-08', NULL, '1', '2023-12-13 19:25:59', '2023-12-13 19:25:59'),
(133, 'BK-1702545966621', 'BRG-1702277776240', '2023-05-08', NULL, '100', '2023-12-13 19:26:16', '2023-12-13 19:26:16'),
(135, 'BK-1702546008749', 'BRG-1702279486247', '2023-05-08', NULL, '4.5', '2023-12-13 19:27:10', '2023-12-13 19:27:10'),
(136, 'BK-1702546038861', 'BRG-1702279612152', '2023-05-08', NULL, '30', '2023-12-13 19:27:31', '2023-12-13 19:27:31'),
(137, 'BK-1702546056965', 'BRG-1702279945488', '2023-05-08', NULL, '400', '2023-12-13 19:27:50', '2023-12-13 19:27:50'),
(138, 'BK-1702546076500', 'BRG-1702280045559', '2023-05-08', NULL, '300', '2023-12-13 19:28:07', '2023-12-13 19:28:07'),
(139, 'BK-1702546090797', 'BRG-1702544413577', '2023-05-08', NULL, '9', '2023-12-13 19:28:20', '2023-12-13 19:28:20'),
(140, 'BK-1702546561812', 'BRG-1702357821282', '2023-05-19', NULL, '7', '2023-12-13 19:36:24', '2023-12-13 19:36:24'),
(141, 'BK-1702546585766', 'BRG-1702357862296', '2023-05-19', NULL, '7', '2023-12-13 19:36:56', '2023-12-13 19:36:56'),
(142, 'BK-1702546629269', 'BRG-1702285971646', '2023-05-19', NULL, '1', '2023-12-13 19:37:19', '2023-12-13 19:37:19'),
(143, 'BK-1702546642140', 'BRG-1702286214631', '2023-05-19', NULL, '1', '2023-12-13 19:37:37', '2023-12-13 19:37:37'),
(144, 'BK-1702546660334', 'BRG-1702278209733', '2023-05-19', NULL, '400', '2023-12-13 19:38:05', '2023-12-13 19:38:05'),
(145, 'BK-1702546689613', 'BRG-1702279566229', '2023-05-19', NULL, '250', '2023-12-13 19:38:21', '2023-12-13 19:38:21'),
(146, 'BK-1702546704454', 'BRG-1702279612152', '2023-05-19', NULL, '120', '2023-12-13 19:38:48', '2023-12-13 19:38:48'),
(147, 'BK-1702546734797', 'BRG-1702280045559', '2023-05-19', NULL, '400', '2023-12-13 19:39:11', '2023-12-13 19:39:11'),
(148, 'BK-1702547057710', 'BRG-1702285178110', '2023-05-30', NULL, '1', '2023-12-13 19:44:34', '2023-12-13 19:44:34'),
(149, 'BK-1702547079854', 'BRG-1702285227196', '2023-05-30', NULL, '1', '2023-12-13 19:44:50', '2023-12-13 19:44:50'),
(150, 'BK-1702547095134', 'BRG-1702285327493', '2023-05-30', NULL, '1', '2023-12-13 19:45:03', '2023-12-13 19:45:03'),
(151, 'BK-1702547109342', 'BRG-1702358044835', '2023-05-30', NULL, '7', '2023-12-13 19:45:24', '2023-12-13 19:45:24'),
(152, 'BK-1702547128965', 'BRG-1702279057462', '2023-05-30', NULL, '100', '2023-12-13 19:45:38', '2023-12-13 19:45:38'),
(153, 'BK-1702547144549', 'BRG-1702279566229', '2023-05-30', NULL, '125', '2023-12-13 19:45:59', '2023-12-13 19:45:59'),
(154, 'BK-1702547162573', 'BRG-1702279612152', '2023-05-30', NULL, '30', '2023-12-13 19:46:13', '2023-12-13 19:46:13'),
(155, 'BK-1702547177583', 'BRG-1702279945488', '2023-05-30', NULL, '150', '2023-12-13 19:46:27', '2023-12-13 19:46:27'),
(156, 'BK-1702547191254', 'BRG-1702280045559', '2023-05-30', NULL, '150', '2023-12-13 19:46:41', '2023-12-13 19:46:41'),
(157, 'BK-1702547202950', 'BRG-1702348947221', '2023-05-30', NULL, '0.5', '2023-12-13 19:47:11', '2023-12-13 20:09:12'),
(158, 'BK-1702548717077', 'BRG-1702285227196', '2023-06-09', NULL, '2', '2023-12-13 20:12:09', '2023-12-13 20:12:09'),
(159, 'BK-1702548733296', 'BRG-1702285299374', '2023-06-09', NULL, '1', '2023-12-13 20:12:22', '2023-12-13 20:12:22'),
(160, 'BK-1702548749473', 'BRG-1702278209733', '2023-06-09', NULL, '200', '2023-12-13 20:12:47', '2023-12-13 20:12:47'),
(161, 'BK-1702548768671', 'BRG-1702279566229', '2023-06-09', NULL, '125', '2023-12-13 20:13:01', '2023-12-13 20:13:01'),
(162, 'BK-1702548794176', 'BRG-1702279612152', '2023-06-09', NULL, '30', '2023-12-13 20:13:25', '2023-12-13 20:13:25'),
(163, 'BK-1702548812047', 'BRG-1702279945488', '2023-06-09', NULL, '250', '2023-12-13 20:13:43', '2023-12-13 20:13:43'),
(164, 'BK-1702548826072', 'BRG-1702280045559', '2023-06-09', NULL, '100', '2023-12-13 20:13:58', '2023-12-13 20:13:58'),
(166, 'BK-1702864042917', 'BRG-1702279194191', '2023-06-23', NULL, '700', '2023-12-17 11:47:43', '2023-12-17 11:47:43'),
(167, 'BK-1702864065628', 'BRG-1702279566229', '2023-06-23', NULL, '1000', '2023-12-17 11:48:06', '2023-12-17 11:48:06'),
(168, 'BK-1702864090941', 'BRG-1702279945488', '2023-06-23', NULL, '100', '2023-12-17 11:48:35', '2023-12-17 11:48:35'),
(169, 'BK-1702864117550', 'BRG-1702280045559', '2023-06-23', NULL, '250', '2023-12-17 11:48:53', '2023-12-17 11:48:53'),
(170, 'BK-1702864147287', 'BRG-1702348947221', '2023-06-23', NULL, '0.5', '2023-12-17 11:49:45', '2023-12-17 11:49:56'),
(171, 'BK-1702864203571', 'BRG-1702280359936', '2023-06-23', NULL, '50', '2023-12-17 11:50:19', '2023-12-17 11:50:19'),
(172, 'BK-1702864228662', 'BRG-1702280534759', '2023-06-23', NULL, '250', '2023-12-17 11:50:42', '2023-12-17 11:50:42'),
(173, 'BK-1702864440584', 'BRG-1702285178110', '2023-06-28', NULL, '1', '2023-12-17 11:54:16', '2023-12-17 11:54:16'),
(174, 'BK-1702864472950', 'BRG-1702355444887', '2023-06-28', NULL, '2', '2023-12-17 11:54:45', '2023-12-17 11:54:45'),
(176, 'BK-1702864518463', 'BRG-1702279194191', '2023-06-28', NULL, '200', '2023-12-17 11:55:35', '2023-12-17 11:55:35'),
(177, 'BK-1702864547014', 'BRG-1702279269182', '2023-06-28', NULL, '100', '2023-12-17 11:55:56', '2023-12-17 11:55:56'),
(178, 'BK-1702864559862', 'BRG-1702279612152', '2023-06-28', NULL, '360', '2023-12-17 11:56:22', '2023-12-17 11:56:22'),
(179, 'BK-1702864584460', 'BRG-1702348947221', '2023-06-28', NULL, '2', '2023-12-17 11:56:36', '2023-12-17 11:56:36'),
(180, 'BK-1702864819604', 'BRG-1702348947221', '2023-07-07', NULL, '0.5', '2023-12-17 12:00:32', '2023-12-17 12:00:32'),
(181, 'BK-1702864837960', 'BRG-1702280045559', '2023-07-07', NULL, '100', '2023-12-17 12:00:53', '2023-12-17 12:00:53'),
(182, 'BK-1702864859120', 'BRG-1702279323735', '2023-07-07', NULL, '500', '2023-12-17 12:01:17', '2023-12-17 12:01:17'),
(183, 'BK-1702864882894', 'BRG-1702285327493', '2023-07-07', NULL, '8', '2023-12-17 12:01:33', '2023-12-17 12:01:33'),
(184, 'BK-1702864902087', 'BRG-1702278209733', '2023-07-07', NULL, '600', '2023-12-17 12:01:54', '2023-12-17 12:01:54'),
(185, 'BK-1702864921951', 'BRG-1702279057462', '2023-07-07', NULL, '100', '2023-12-17 12:02:13', '2023-12-17 12:02:13'),
(186, 'BK-1702864936264', 'BRG-1702279194191', '2023-07-07', NULL, '900', '2023-12-17 12:02:45', '2023-12-17 12:02:45'),
(187, 'BK-1702865643624', 'BRG-1702285299374', '2023-07-14', NULL, '3', '2023-12-17 12:14:17', '2023-12-17 12:14:17'),
(188, 'BK-1702865659423', 'BRG-1702287406967', '2023-07-14', NULL, '22', '2023-12-17 12:14:29', '2023-12-17 12:14:29'),
(190, 'BK-1702865705711', 'BRG-1702279194191', '2023-07-14', NULL, '500', '2023-12-17 12:15:17', '2023-12-17 12:15:17'),
(191, 'BK-1702865722815', 'BRG-1702279269182', '2023-07-14', NULL, '100', '2023-12-17 12:15:33', '2023-12-17 12:15:33'),
(192, 'BK-1702865740598', 'BRG-1702279566229', '2023-07-14', NULL, '250', '2023-12-17 12:15:50', '2023-12-17 12:15:50'),
(193, 'BK-1702865756048', 'BRG-1702279945488', '2023-07-14', NULL, '850', '2023-12-17 12:16:06', '2023-12-17 12:16:06'),
(194, 'BK-1702865771823', 'BRG-1702348947221', '2023-07-15', NULL, '1.5', '2023-12-17 12:16:22', '2023-12-17 12:16:22'),
(195, 'BK-1702866444867', 'BRG-1702286928488', '2023-07-21', NULL, '1', '2023-12-17 12:27:38', '2023-12-17 12:27:38'),
(196, 'BK-1702866464723', 'BRG-1702280359936', '2023-07-21', NULL, '400', '2023-12-17 12:28:02', '2023-12-17 12:28:02'),
(197, 'BK-1702867937394', 'BRG-1702355444887', '2023-07-28', NULL, '2', '2023-12-17 12:52:35', '2023-12-17 12:52:35'),
(198, 'BK-1702867961000', 'BRG-1702278313229', '2023-07-28', NULL, '1000', '2023-12-17 12:52:51', '2023-12-17 12:52:51'),
(199, 'BK-1702867976926', 'BRG-1702278486430', '2023-07-28', NULL, '1250', '2023-12-17 12:53:13', '2023-12-17 12:53:13'),
(200, 'BK-1702867997853', 'BRG-1702279194191', '2023-07-28', NULL, '1000', '2023-12-17 12:53:30', '2023-12-17 12:53:30'),
(201, 'BK-1702868012230', 'BRG-1702279269182', '2023-07-28', NULL, '200', '2023-12-17 12:53:45', '2023-12-17 12:53:45'),
(202, 'BK-1702868026966', 'BRG-1702279323735', '2023-07-28', NULL, '1500', '2023-12-17 12:53:59', '2023-12-17 12:53:59'),
(203, 'BK-1702868043429', 'BRG-1702279612152', '2023-07-28', NULL, '480', '2023-12-17 12:54:16', '2023-12-17 12:54:16'),
(204, 'BK-1702868060294', 'BRG-1702349009556', '2023-07-28', NULL, '11', '2023-12-17 12:54:29', '2023-12-17 12:54:29'),
(205, 'BK-1702868073970', 'BRG-1702348947221', '2023-07-28', NULL, '4', '2023-12-17 12:54:43', '2023-12-17 12:54:43'),
(206, 'BK-1702868086807', 'BRG-1702280103208', '2023-07-28', NULL, '300', '2023-12-17 12:54:59', '2023-12-17 12:54:59'),
(207, 'BK-1702868105438', 'BRG-1702280271926', '2023-07-28', NULL, '1500', '2023-12-17 12:55:17', '2023-12-17 12:55:17'),
(208, 'BK-1702868120670', 'BRG-1702280359936', '2023-07-28', NULL, '100', '2023-12-17 12:55:32', '2023-12-17 12:55:32'),
(209, 'BK-1702868355703', 'BRG-1702280764809', '2023-08-04', NULL, '19', '2023-12-17 12:59:28', '2023-12-17 12:59:28'),
(210, 'BK-1702868376279', 'BRG-1702280701127', '2023-08-04', NULL, '1040', '2023-12-17 12:59:50', '2023-12-17 12:59:50'),
(211, 'BK-1702868393997', 'BRG-1702280650713', '2023-08-04', NULL, '200', '2023-12-17 13:00:28', '2023-12-17 13:00:28'),
(212, 'BK-1702868432303', 'BRG-1702280534759', '2023-08-04', NULL, '100', '2023-12-17 13:00:44', '2023-12-17 13:00:44'),
(213, 'BK-1702868448989', 'BRG-1702349009556', '2023-08-04', NULL, '3', '2023-12-17 13:00:58', '2023-12-17 13:00:58'),
(214, 'BK-1702868463244', 'BRG-1702279269182', '2023-08-04', NULL, '700', '2023-12-17 13:01:24', '2023-12-17 13:01:24'),
(215, 'BK-1702868508140', 'BRG-1702279194191', '2023-08-04', NULL, '200', '2023-12-17 13:02:01', '2023-12-17 13:02:01'),
(216, 'BK-1702868527060', 'BRG-1702279057462', '2023-08-04', NULL, '200', '2023-12-17 13:02:17', '2023-12-17 13:02:17'),
(217, 'BK-1702868542716', 'BRG-1702438232183', '2023-08-04', NULL, '51', '2023-12-17 13:02:32', '2023-12-17 13:02:32'),
(218, 'BK-1702868860121', 'BRG-1702279323735', '2023-08-11', NULL, '500', '2023-12-17 13:07:53', '2023-12-17 13:07:53'),
(219, 'BK-1702868874888', 'BRG-1702279566229', '2023-08-11', NULL, '250', '2023-12-17 13:08:04', '2023-12-17 13:08:04'),
(220, 'BK-1702868892543', 'BRG-1702280534759', '2023-08-11', NULL, '100', '2023-12-17 13:08:26', '2023-12-17 13:08:26'),
(221, 'BK-1702868911343', 'BRG-1702280650713', '2023-08-11', NULL, '200', '2023-12-17 13:08:43', '2023-12-17 13:08:43'),
(222, 'BK-1702868929653', 'BRG-1702348947221', '2023-08-11', NULL, '1', '2023-12-17 13:09:00', '2023-12-17 13:09:00'),
(223, 'BK-1702870107020', 'BRG-1702347169312', '2023-08-18', NULL, '6250', '2023-12-17 13:28:53', '2023-12-17 13:28:53'),
(224, 'BK-1702870382535', 'BRG-1702279566229', '2023-08-18', NULL, '1000', '2023-12-17 13:33:20', '2023-12-17 13:33:20'),
(225, 'BK-1702870405339', 'BRG-1702279945488', '2023-08-18', NULL, '150', '2023-12-17 13:33:42', '2023-12-17 13:33:42'),
(226, 'BK-1702870424540', 'BRG-1702348947221', '2023-08-18', NULL, '4', '2023-12-17 13:33:58', '2023-12-17 13:33:58'),
(227, 'BK-1702870445461', 'BRG-1702280103208', '2023-08-18', NULL, '200', '2023-12-17 13:34:17', '2023-12-17 13:34:17'),
(228, 'BK-1702870463166', 'BRG-1702280534759', '2023-08-18', NULL, '100', '2023-12-17 13:34:33', '2023-12-17 13:34:33'),
(229, 'BK-1702870492558', 'BRG-1702280607840', '2023-08-18', NULL, '300', '2023-12-17 13:35:06', '2023-12-17 13:35:06'),
(230, 'BK-1702870703988', 'BRG-1702347169312', '2023-08-25', NULL, '1500', '2023-12-17 13:38:47', '2023-12-17 13:38:47'),
(231, 'BK-1702870732780', 'BRG-1702279566229', '2023-08-25', NULL, '250', '2023-12-17 13:39:02', '2023-12-17 13:39:02'),
(232, 'BK-1702870748685', 'BRG-1702280534759', '2023-08-25', NULL, '300', '2023-12-17 13:39:21', '2023-12-17 13:39:21'),
(233, 'BK-1702870771070', 'BRG-1702280650713', '2023-08-25', NULL, '200', '2023-12-17 13:39:44', '2023-12-17 13:39:44'),
(234, 'BK-1702870792253', 'BRG-1702280764809', '2023-08-25', NULL, '4', '2023-12-17 13:40:04', '2023-12-17 13:40:04'),
(235, 'BK-1702871252317', 'BRG-1702285299374', '2023-09-01', NULL, '1', '2023-12-17 13:47:51', '2023-12-17 13:47:51'),
(236, 'BK-1702871273550', 'BRG-1702285327493', '2023-09-01', NULL, '2', '2023-12-17 13:48:10', '2023-12-17 13:48:10'),
(237, 'BK-1702871300709', 'BRG-1702347169312', '2023-09-01', NULL, '4250', '2023-12-17 13:48:39', '2023-12-17 13:48:39'),
(238, 'BK-1702871325892', 'BRG-1702279566229', '2023-09-01', NULL, '750', '2023-12-17 13:48:58', '2023-12-17 13:48:58'),
(239, 'BK-1702871344364', 'BRG-1702348947221', '2023-09-01', NULL, '3', '2023-12-17 13:49:14', '2023-12-17 13:49:14'),
(240, 'BK-1702871358740', 'BRG-1702280534759', '2023-09-01', NULL, '200', '2023-12-17 13:49:31', '2023-12-17 13:49:31'),
(241, 'BK-1702871376916', 'BRG-1702280607840', '2023-09-01', NULL, '100', '2023-12-17 13:49:52', '2023-12-17 13:49:52'),
(242, 'BK-1702871395789', 'BRG-1702280650713', '2023-09-01', NULL, '300', '2023-12-17 13:50:07', '2023-12-17 13:50:07'),
(243, 'BK-1702871414373', 'BRG-1702280701127', '2023-09-01', NULL, '960', '2023-12-17 13:50:27', '2023-12-17 13:50:27'),
(244, 'BK-1702871431542', 'BRG-1702280764809', '2023-09-01', NULL, '12', '2023-12-17 13:50:43', '2023-12-17 13:50:43'),
(245, 'BK-1702872004228', 'BRG-1702280650713', '2023-09-08', NULL, '500', '2023-12-17 14:00:32', '2023-12-17 14:00:32'),
(246, 'BK-1702872034397', 'BRG-1702281204232', '2023-09-08', NULL, '500', '2023-12-17 14:00:45', '2023-12-17 14:00:45'),
(247, 'BK-1702873700696', 'BRG-1702277447781', '2023-09-19', NULL, '3000', '2023-12-17 14:28:44', '2023-12-17 14:28:44'),
(248, 'BK-1702873760724', 'BRG-1702279057462', '2023-09-19', NULL, '300', '2023-12-17 14:29:35', '2023-12-17 14:29:35'),
(249, 'BK-1702873782176', 'BRG-1702279566229', '2023-09-19', NULL, '750', '2023-12-17 14:29:53', '2023-12-17 14:29:53'),
(250, 'BK-1702873800986', 'BRG-1702279945488', '2023-09-19', NULL, '200', '2023-12-17 14:30:14', '2023-12-17 14:30:14'),
(251, 'BK-1702873824842', 'BRG-1702349009556', '2023-09-19', NULL, '10', '2023-12-17 14:30:48', '2023-12-17 14:30:48'),
(252, 'BK-1702873861857', 'BRG-1702348947221', '2023-09-19', NULL, '8.5', '2023-12-17 14:31:14', '2023-12-17 14:31:14'),
(253, 'BK-1702873879941', 'BRG-1702280103208', '2023-09-19', NULL, '250', '2023-12-17 14:31:30', '2023-12-17 14:31:30'),
(254, 'BK-1702873897466', 'BRG-1702280607840', '2023-09-19', NULL, '1100', '2023-12-17 14:31:49', '2023-12-17 14:31:49'),
(255, 'BK-1702873915459', 'BRG-1702281177295', '2023-09-19', NULL, '1', '2023-12-17 14:32:09', '2023-12-17 14:32:09'),
(256, 'BK-1702873934993', 'BRG-1702281266193', '2023-09-19', NULL, '700', '2023-12-17 14:32:25', '2023-12-17 14:32:25'),
(257, 'BK-1702873950682', 'BRG-1702281433553', '2023-09-19', NULL, '600', '2023-12-17 14:32:43', '2023-12-17 14:32:43'),
(258, 'BK-1702873969144', 'BRG-1702281529857', '2023-09-19', NULL, '500', '2023-12-17 14:33:10', '2023-12-17 14:33:10'),
(259, 'BK-1702874673922', 'BRG-1702277447781', '2023-09-29', NULL, '1000', '2023-12-17 14:44:51', '2023-12-17 14:44:51'),
(260, 'BK-1702874697990', 'BRG-1702279945488', '2023-09-29', NULL, '100', '2023-12-17 14:45:07', '2023-12-17 14:45:07'),
(261, 'BK-1702874712282', 'BRG-1702349009556', '2023-09-29', NULL, '3', '2023-12-17 14:45:25', '2023-12-17 14:45:25'),
(262, 'BK-1702874730523', 'BRG-1702348947221', '2023-09-29', NULL, '3.5', '2023-12-17 14:45:40', '2023-12-17 14:45:40'),
(263, 'BK-1702874745970', 'BRG-1702280359936', '2023-09-29', NULL, '100', '2023-12-17 14:45:55', '2023-12-17 14:45:55'),
(264, 'BK-1702874761954', 'BRG-1702280534759', '2023-09-29', NULL, '300', '2023-12-17 14:46:22', '2023-12-17 14:47:26'),
(265, 'BK-1702874856980', 'BRG-1702280650713', '2023-09-29', NULL, '400', '2023-12-17 14:47:52', '2023-12-17 14:47:52'),
(266, 'BK-1702874876995', 'BRG-1702280764809', '2023-09-29', NULL, '12', '2023-12-17 14:48:11', '2023-12-17 14:48:11'),
(267, 'BK-1702874901675', 'BRG-1702281390432', '2023-09-29', NULL, '1500', '2023-12-17 14:48:34', '2023-12-17 14:48:34'),
(268, 'BK-1702874920545', 'BRG-1702281529857', '2023-09-29', NULL, '500', '2023-12-17 14:48:54', '2023-12-17 14:48:54'),
(269, 'BK-1702875231123', 'BRG-1702347169312', '2023-09-19', NULL, '1000', '2023-12-17 14:54:05', '2023-12-17 14:54:05'),
(270, 'BK-1702875656292', 'BRG-1702277447781', '2023-10-06', NULL, '1000', '2023-12-17 15:01:11', '2023-12-17 15:01:11'),
(271, 'BK-1702875681737', 'BRG-1702347169312', '2023-10-06', NULL, '4250', '2023-12-17 15:01:34', '2023-12-17 15:01:34'),
(272, 'BK-1702875700811', 'BRG-1702349009556', '2023-10-06', NULL, '11', '2023-12-17 15:01:50', '2023-12-17 15:01:50'),
(273, 'BK-1702875714086', 'BRG-1702348947221', '2023-10-06', NULL, '3', '2023-12-17 15:02:03', '2023-12-17 15:02:03'),
(274, 'BK-1702875728794', 'BRG-1702280534759', '2023-10-06', NULL, '500', '2023-12-17 15:02:21', '2023-12-17 15:02:21'),
(275, 'BK-1702875746427', 'BRG-1702280103208', '2023-10-06', NULL, '150', '2023-12-17 15:02:39', '2023-12-17 15:02:39'),
(276, 'BK-1702875765668', 'BRG-1702281390432', '2023-10-06', NULL, '1000', '2023-12-17 15:02:57', '2023-12-17 15:02:57'),
(277, 'BK-1702875782803', 'BRG-1702281685250', '2023-10-06', NULL, '3500', '2023-12-17 15:03:13', '2023-12-17 15:03:13'),
(278, 'BK-1702875795450', 'BRG-1702281625217', '2023-10-06', NULL, '250', '2023-12-17 15:03:27', '2023-12-17 15:03:27'),
(279, 'BK-1702875811346', 'BRG-1702281529857', '2023-10-06', NULL, '1250', '2023-12-17 15:03:43', '2023-12-17 15:03:43'),
(280, 'BK-1702879229422', 'BRG-1702347169312', '2023-10-13', NULL, '1250', '2023-12-17 16:00:48', '2023-12-17 16:00:48'),
(281, 'BK-1702879251664', 'BRG-1702279486247', '2023-10-13', NULL, '1', '2023-12-17 16:01:07', '2023-12-17 16:01:07'),
(282, 'BK-1702879272166', 'BRG-1702349009556', '2023-10-13', NULL, '1', '2023-12-17 16:01:26', '2023-12-17 16:01:26'),
(283, 'BK-1702879292336', 'BRG-1702348947221', '2023-10-13', NULL, '3', '2023-12-17 16:01:47', '2023-12-17 16:01:47'),
(284, 'BK-1702879316158', 'BRG-1702280271926', '2023-10-13', NULL, '750', '2023-12-17 16:02:11', '2023-12-17 16:02:58'),
(285, 'BK-1702879393166', 'BRG-1702280359936', '2023-10-13', NULL, '100', '2023-12-17 16:03:30', '2023-12-17 16:03:30'),
(286, 'BK-1702879417679', 'BRG-1702280650713', '2023-10-13', NULL, '300', '2023-12-17 16:03:49', '2023-12-17 16:03:49'),
(287, 'BK-1702879435342', 'BRG-1702280701127', '2023-10-13', NULL, '440', '2023-12-17 16:04:06', '2023-12-17 16:04:06'),
(288, 'BK-1702879452247', 'BRG-1702280764809', '2023-10-13', NULL, '1', '2023-12-17 16:04:23', '2023-12-17 16:04:23'),
(289, 'BK-1702879469124', 'BRG-1702281102401', '2023-10-13', NULL, '100', '2023-12-17 16:04:40', '2023-12-17 16:04:40'),
(290, 'BK-1702879485957', 'BRG-1702281390432', '2023-10-13', NULL, '1000', '2023-12-17 16:04:56', '2023-12-17 16:04:56'),
(291, 'BK-1702879499414', 'BRG-1702281947131', '2023-10-13', NULL, '125', '2023-12-17 16:05:11', '2023-12-17 16:05:11'),
(292, 'BK-1702879664631', 'BRG-1702347169312', '2023-10-23', NULL, '250', '2023-12-17 16:07:58', '2023-12-17 16:07:58'),
(293, 'BK-1702879688709', 'BRG-1702348947221', '2023-10-23', NULL, '4', '2023-12-17 16:08:18', '2023-12-17 16:08:18'),
(294, 'BK-1702879703581', 'BRG-1702281685250', '2023-10-23', NULL, '3000', '2023-12-17 16:08:33', '2023-12-17 16:08:33'),
(295, 'BK-1702879716470', 'BRG-1702281947131', '2023-10-23', NULL, '625', '2023-12-17 16:08:48', '2023-12-17 16:08:48'),
(296, 'BK-1702880032019', 'BRG-1702347169312', '2023-10-27', NULL, '500', '2023-12-17 16:14:23', '2023-12-17 16:14:23'),
(297, 'BK-1702880075449', 'BRG-1702280701127', '2023-10-27', NULL, '240', '2023-12-17 16:14:46', '2023-12-17 16:14:46'),
(298, 'BK-1702880091836', 'BRG-1702280103208', '2023-10-27', NULL, '100', '2023-12-17 16:15:01', '2023-12-17 16:15:01'),
(299, 'BK-1702880106108', 'BRG-1702281947131', '2023-10-27', NULL, '500', '2023-12-17 16:15:18', '2023-12-17 16:15:18'),
(300, 'BK-1702880122660', 'BRG-1702282010266', '2023-10-27', NULL, '1000', '2023-12-17 16:15:33', '2023-12-17 16:15:33'),
(301, 'BK-1702881278497', 'BRG-1702280045559', '2023-11-03', NULL, '100', '2023-12-17 16:34:51', '2023-12-17 16:34:51'),
(302, 'BK-1702881296377', 'BRG-1702278847172', '2023-11-03', NULL, '250', '2023-12-17 16:35:11', '2023-12-17 16:35:11'),
(303, 'BK-1702881318257', 'BRG-1702278486430', '2023-11-03', NULL, '2500', '2023-12-17 16:35:40', '2023-12-17 16:35:40'),
(304, 'BK-1702881348192', 'BRG-1702347169312', '2023-11-03', NULL, '3000', '2023-12-17 16:36:03', '2023-12-17 16:36:03'),
(305, 'BK-1702881371761', 'BRG-1702278139127', '2023-11-03', NULL, '1000', '2023-12-17 16:36:21', '2023-12-17 16:36:21'),
(306, 'BK-1702881385185', 'BRG-1702282010266', '2023-11-03', NULL, '250', '2023-12-17 16:36:41', '2023-12-17 16:36:41'),
(307, 'BK-1702881533632', 'BRG-1702287406967', '2023-11-10', NULL, '1', '2023-12-17 16:39:07', '2023-12-17 16:39:07'),
(308, 'BK-1702881782944', 'BRG-1702278139127', '2023-11-10', NULL, '2000', '2023-12-17 16:43:16', '2023-12-17 16:43:16'),
(309, 'BK-1702881802143', 'BRG-1702279612152', '2023-11-10', NULL, '60', '2023-12-17 16:43:36', '2023-12-17 16:43:36'),
(310, 'BK-1702881840366', 'BRG-1702279945488', '2023-11-10', NULL, '200', '2023-12-17 16:44:11', '2023-12-17 16:44:11'),
(311, 'BK-1702881859568', 'BRG-1702281102401', '2023-11-10', NULL, '300', '2023-12-17 16:44:33', '2023-12-17 16:49:58'),
(312, 'BK-1702881883279', 'BRG-1702281390432', '2023-11-10', NULL, '3500', '2023-12-17 16:44:55', '2023-12-17 16:50:27'),
(313, 'BK-1702881902093', 'BRG-1702281625217', '2023-11-10', NULL, '500', '2023-12-17 16:45:14', '2023-12-17 16:50:04'),
(314, 'BK-1702881931654', 'BRG-1702281947131', '2023-11-10', NULL, '250', '2023-12-17 16:45:41', '2023-12-17 16:50:20'),
(315, 'BK-1702881961904', 'BRG-1702282065080', '2023-11-10', NULL, '20', '2023-12-17 16:46:12', '2023-12-17 16:50:13'),
(316, 'BK-1702882565079', 'BRG-1702282010266', '2023-11-17', NULL, '500', '2023-12-17 16:56:21', '2023-12-17 16:56:21'),
(317, 'BK-1702882588217', 'BRG-1702281947131', '2023-11-17', NULL, '500', '2023-12-17 16:56:37', '2023-12-17 16:56:37'),
(318, 'BK-1702882604527', 'BRG-1702278486430', '2023-11-16', NULL, '2000', '2023-12-17 16:56:58', '2023-12-17 16:56:58'),
(319, 'BK-1702882627513', 'BRG-1702278139127', '2023-11-16', NULL, '2500', '2023-12-17 16:57:18', '2023-12-17 16:57:18'),
(320, 'BK-1702882826127', 'BRG-1702348947221', '2023-11-24', NULL, '1.5', '2023-12-17 17:00:38', '2023-12-17 17:00:38'),
(321, 'BK-1702882840314', 'BRG-1702281044286', '2023-11-24', NULL, '0.5', '2023-12-17 17:00:51', '2023-12-17 17:00:51'),
(322, 'BK-1702882855240', 'BRG-1702281390432', '2023-11-24', NULL, '250', '2023-12-17 17:01:09', '2023-12-17 17:01:09'),
(323, 'BK-1702882873032', 'BRG-1702281898144', '2023-11-24', NULL, '1200', '2023-12-17 17:01:23', '2023-12-17 17:01:23'),
(324, 'BK-1702882885712', 'BRG-1702282159569', '2023-11-24', NULL, '525', '2023-12-17 17:01:37', '2023-12-17 17:01:37'),
(325, 'BK-1702883262575', 'BRG-1702281898144', '2023-12-01', NULL, '1200', '2023-12-17 17:07:56', '2023-12-17 17:07:56'),
(326, 'BK-1702883278700', 'BRG-1702348947221', '2023-12-01', NULL, '1', '2023-12-17 17:08:25', '2023-12-17 17:08:25'),
(327, 'BK-1702883337268', 'BRG-1702278139127', '2023-12-01', NULL, '2500', '2023-12-17 17:09:08', '2023-12-17 17:09:08'),
(328, 'BK-1702883352742', 'BRG-1702280650713', '2023-12-01', NULL, '100', '2023-12-17 17:09:23', '2023-12-17 17:09:23'),
(329, 'BK-1702883368598', 'BRG-1702281390432', '2023-12-01', NULL, '250', '2023-12-17 17:09:43', '2023-12-17 17:09:43'),
(330, 'BK-1702883389479', 'BRG-1702278139127', '2023-12-08', NULL, '7500', '2023-12-17 17:10:03', '2023-12-17 17:10:03'),
(331, 'BK-1702883408342', 'BRG-1702279612152', '2023-12-08', NULL, '60', '2023-12-17 17:10:20', '2023-12-17 17:10:20'),
(332, 'BK-1702883428183', 'BRG-1702348947221', '2023-12-08', NULL, '3', '2023-12-17 17:10:36', '2023-12-17 17:10:58'),
(333, 'BK-1702883442867', 'BRG-1702281898144', '2023-12-08', NULL, '1600', '2023-12-17 17:10:53', '2023-12-17 17:10:53'),
(334, 'BK-1702883463757', 'BRG-1702282159569', '2023-12-08', NULL, '75', '2023-12-17 17:11:13', '2023-12-17 17:11:13'),
(335, 'BK-1702883479050', 'BRG-1702280650713', '2023-12-08', NULL, '300', '2023-12-17 17:11:28', '2023-12-17 17:11:28'),
(336, 'BK-1702890000888', 'BRG-1702279269182', '2023-12-01', NULL, '200', '2023-12-17 19:00:15', '2023-12-17 19:00:15'),
(337, 'BK-1702890042520', 'BRG-1702279323735', '2023-12-01', NULL, '4000', '2023-12-17 19:01:00', '2023-12-17 19:01:00'),
(338, 'BK-1702890201342', 'BRG-1702349009556', '2023-12-01', NULL, '10', '2023-12-17 19:03:37', '2023-12-17 19:03:37'),
(339, 'BK-1702890238370', 'BRG-1702348947221', '2023-12-01', NULL, '1', '2023-12-17 19:04:07', '2023-12-17 19:04:07'),
(340, 'BK-1702890277760', 'BRG-1702280103208', '2023-12-01', NULL, '400', '2023-12-17 19:04:50', '2023-12-17 19:04:50'),
(341, 'BK-1702890520431', 'BRG-1702281625217', '2023-12-01', NULL, '2750', '2023-12-17 19:08:53', '2023-12-17 19:08:53'),
(342, 'BK-1702953742263', 'BRG-1702282497322', '2023-03-24', NULL, '1725', '2023-12-18 12:43:02', '2023-12-18 12:43:02'),
(343, 'BK-1702953787982', 'BRG-1702356976518', '2023-03-24', NULL, '25', '2023-12-18 12:43:20', '2023-12-18 12:43:20'),
(344, 'BK-1702953808151', 'BRG-1702282497322', '2023-04-14', NULL, '1757', '2023-12-18 12:43:51', '2023-12-18 12:43:51'),
(345, 'BK-1702953837012', 'BRG-1702354778950', '2023-04-14', NULL, '395', '2023-12-18 12:44:13', '2023-12-18 12:44:13'),
(346, 'BK-1702953865478', 'BRG-1702352162530', '2023-04-14', NULL, '395', '2023-12-18 12:44:38', '2023-12-18 12:44:38'),
(347, 'BK-1702953884964', 'BRG-1702350171387', '2023-04-14', NULL, '1250', '2023-12-18 12:44:57', '2023-12-18 12:44:57'),
(348, 'BK-1702953908172', 'BRG-1702282584721', '2023-04-14', NULL, '35', '2023-12-18 12:46:56', '2023-12-18 12:46:56'),
(349, 'BK-1702954066519', 'BRG-1702352162530', '2023-03-31', NULL, '180', '2023-12-18 12:48:03', '2023-12-18 12:48:03'),
(350, 'BK-1702954091206', 'BRG-1702354778950', '2023-03-31', NULL, '180', '2023-12-18 12:48:23', '2023-12-18 12:48:23'),
(351, 'BK-1702954110209', 'BRG-1702282584721', '2023-03-31', NULL, '90', '2023-12-18 12:48:41', '2023-12-18 12:48:41'),
(352, 'BK-1702954128224', 'BRG-1702350508081', '2023-03-31', NULL, '50', '2023-12-18 12:48:58', '2023-12-18 12:48:58'),
(353, 'BK-1702954148743', 'BRG-1702282497322', '2023-04-26', NULL, '1375', '2023-12-18 12:49:31', '2023-12-18 12:49:31'),
(354, 'BK-1702954178050', 'BRG-1702282324650', '2023-05-19', NULL, '175', '2023-12-18 12:49:54', '2023-12-18 12:49:54'),
(355, 'BK-1702954204326', 'BRG-1702350508081', '2023-05-19', NULL, '25', '2023-12-18 12:50:17', '2023-12-18 12:50:17'),
(356, 'BK-1702954227855', 'BRG-1702350171387', '2023-05-19', NULL, '25', '2023-12-18 12:50:40', '2023-12-18 12:50:40'),
(357, 'BK-1702954246910', 'BRG-1702282848613', '2023-05-19', NULL, '14', '2023-12-18 12:50:55', '2023-12-18 12:50:55'),
(358, 'BK-1702954294415', 'BRG-1702282584721', '2023-05-19', NULL, '50', '2023-12-18 12:51:51', '2023-12-18 12:51:51'),
(359, 'BK-1702954425074', 'BRG-1702357281520', '2023-05-30', NULL, '25', '2023-12-18 12:54:02', '2023-12-18 12:54:02'),
(360, 'BK-1702954444806', 'BRG-1702350171387', '2023-05-30', NULL, '50', '2023-12-18 12:54:17', '2023-12-18 12:54:17'),
(361, 'BK-1702954460100', 'BRG-1702282848613', '2023-05-30', NULL, '9', '2023-12-18 12:54:31', '2023-12-18 12:54:31'),
(362, 'BK-1702954473469', 'BRG-1702350580925', '2023-05-30', NULL, '9', '2023-12-18 12:54:43', '2023-12-18 12:54:43'),
(363, 'BK-1702954735385', 'BRG-1702350508081', '2023-06-23', NULL, '125', '2023-12-18 12:59:11', '2023-12-18 12:59:11'),
(364, 'BK-1702954756863', 'BRG-1702282584721', '2023-06-23', NULL, '75', '2023-12-18 12:59:33', '2023-12-18 12:59:33'),
(365, 'BK-1702954779357', 'BRG-1702352162530', '2023-06-23', NULL, '25', '2023-12-18 13:00:03', '2023-12-18 13:00:03'),
(366, 'BK-1702954805752', 'BRG-1702354778950', '2023-06-23', NULL, '25', '2023-12-18 13:00:21', '2023-12-18 13:00:21'),
(367, 'BK-1702954828410', 'BRG-1702350171387', '2023-06-23', NULL, '25', '2023-12-18 13:00:39', '2023-12-18 13:00:39'),
(368, 'BK-1702954846697', 'BRG-1702282848613', '2023-06-23', NULL, '5', '2023-12-18 13:00:55', '2023-12-18 13:00:55'),
(369, 'BK-1702956439025', 'BRG-1702956097576', '2023-06-09', NULL, '50', '2023-12-18 13:27:35', '2023-12-18 13:27:35'),
(370, 'BK-1702957978244', 'BRG-1702350508081', '2023-09-01', NULL, '50', '2023-12-18 13:53:26', '2023-12-18 13:53:26'),
(371, 'BK-1702958010552', 'BRG-1702282584721', '2023-09-01', NULL, '281', '2023-12-18 13:53:45', '2023-12-18 13:53:45'),
(372, 'BK-1702958099144', 'BRG-1702350171387', '2023-06-28', NULL, '50', '2023-12-18 13:58:59', '2023-12-18 13:58:59'),
(373, 'BK-1702958350071', 'BRG-1702352162530', '2023-06-28', NULL, '50', '2023-12-18 13:59:21', '2023-12-18 13:59:21'),
(374, 'BK-1702968958337', 'BRG-1702282324650', '2023-07-07', NULL, '75', '2023-12-18 16:56:12', '2023-12-18 16:56:12'),
(376, 'BK-1702969011407', 'BRG-1702282434137', '2023-07-07', NULL, '75', '2023-12-18 16:57:05', '2023-12-18 16:57:05'),
(377, 'BK-1702969027621', 'BRG-1702350508081', '2023-07-07', NULL, '75', '2023-12-18 16:57:28', '2023-12-18 16:57:28'),
(378, 'BK-1702969050889', 'BRG-1702352162530', '2023-07-07', NULL, '50', '2023-12-18 16:57:55', '2023-12-18 16:58:44'),
(379, 'BK-1702969096480', 'BRG-1702956273407', '2023-07-07', NULL, '150', '2023-12-18 16:58:38', '2023-12-18 16:58:38'),
(380, 'BK-1702969139816', 'BRG-1702350508081', '2023-07-28', NULL, '130', '2023-12-18 16:59:15', '2023-12-18 16:59:15'),
(381, 'BK-1702969173775', 'BRG-1702350171387', '2023-07-28', NULL, '60', '2023-12-18 16:59:55', '2023-12-18 16:59:55'),
(382, 'BK-1702969379380', 'BRG-1702350580925', '2023-07-28', NULL, '21', '2023-12-18 17:03:12', '2023-12-18 17:03:12'),
(383, 'BK-1702969400099', 'BRG-1702350309808', '2023-07-28', NULL, '20', '2023-12-18 17:03:44', '2023-12-18 17:03:44'),
(384, 'BK-1702970067224', 'BRG-1702357281520', '2023-07-28', NULL, '300', '2023-12-18 17:14:46', '2023-12-18 17:14:46'),
(385, 'BK-1702970099120', 'BRG-1702282434137', '2023-08-18', NULL, '200', '2023-12-18 17:15:12', '2023-12-18 17:15:12'),
(386, 'BK-1702970119242', 'BRG-1702350508081', '2023-08-18', NULL, '300', '2023-12-18 17:15:30', '2023-12-18 17:15:30'),
(387, 'BK-1702970136487', 'BRG-1702282497322', '2023-08-18', NULL, '1650', '2023-12-18 17:15:47', '2023-12-18 17:15:47'),
(388, 'BK-1702970153872', 'BRG-1702354778950', '2023-08-18', NULL, '10', '2023-12-18 17:16:04', '2023-12-18 17:16:04'),
(389, 'BK-1702970176164', 'BRG-1702282584721', '2023-06-28', NULL, '25', '2023-12-18 17:16:51', '2023-12-18 17:16:51'),
(390, 'BK-1702970257959', 'BRG-1702283106178', '2023-06-28', NULL, '50', '2023-12-18 17:17:48', '2023-12-18 17:17:48'),
(391, 'BK-1702970319956', 'BRG-1702350580925', '2023-07-14', NULL, '5', '2023-12-18 17:18:54', '2023-12-18 17:18:54'),
(392, 'BK-1702970345821', 'BRG-1702282584721', '2023-07-14', NULL, '50', '2023-12-18 17:19:25', '2023-12-18 17:19:25'),
(393, 'BK-1702970412023', 'BRG-1702282434137', '2023-07-21', NULL, '75', '2023-12-18 17:20:26', '2023-12-18 17:20:26'),
(394, 'BK-1702970431006', 'BRG-1702282497322', '2023-07-21', NULL, '750', '2023-12-18 17:20:42', '2023-12-18 17:20:42'),
(395, 'BK-1702970454671', 'BRG-1702282979460', '2023-07-21', NULL, '125', '2023-12-18 17:21:24', '2023-12-18 17:21:24'),
(396, 'BK-1702971875798', 'BRG-1702282584721', '2023-09-08', NULL, '100', '2023-12-18 17:44:54', '2023-12-18 17:44:54'),
(397, 'BK-1702971902450', 'BRG-1702354778950', '2023-09-08', NULL, '50', '2023-12-18 17:45:17', '2023-12-18 17:45:17'),
(398, 'BK-1702971931966', 'BRG-1702282434137', '2023-09-08', NULL, '50', '2023-12-18 17:45:43', '2023-12-18 17:45:43'),
(399, 'BK-1702971951312', 'BRG-1702282584721', '2023-09-19', NULL, '50', '2023-12-18 17:46:09', '2023-12-18 17:46:09'),
(400, 'BK-1702971976101', 'BRG-1702354778950', '2023-09-19', NULL, '50', '2023-12-18 17:46:28', '2023-12-18 17:46:28'),
(401, 'BK-1702972004005', 'BRG-1702282497322', '2023-10-06', NULL, '400', '2023-12-18 17:46:59', '2023-12-18 17:46:59'),
(402, 'BK-1702972026019', 'BRG-1702354778950', '2023-10-06', NULL, '50', '2023-12-18 17:47:17', '2023-12-18 17:47:17'),
(403, 'BK-1702972043628', 'BRG-1702283197555', '2023-10-06', NULL, '100', '2023-12-18 17:47:46', '2023-12-18 17:47:46'),
(404, 'BK-1702972071491', 'BRG-1702350508081', '2023-10-06', NULL, '50', '2023-12-18 17:48:00', '2023-12-18 17:48:00'),
(405, 'BK-1702972091299', 'BRG-1702282324650', '2023-10-23', NULL, '75', '2023-12-18 17:48:26', '2023-12-18 17:48:26'),
(406, 'BK-1702972114852', 'BRG-1702357281520', '2023-10-23', NULL, '44', '2023-12-18 17:48:49', '2023-12-18 17:48:49'),
(407, 'BK-1702972138277', 'BRG-1702350508081', '2023-10-23', NULL, '29', '2023-12-18 17:49:10', '2023-12-18 17:49:10'),
(408, 'BK-1702972155334', 'BRG-1702350309808', '2023-10-23', NULL, '20', '2023-12-18 17:49:25', '2023-12-18 17:49:25'),
(409, 'BK-1702972170243', 'BRG-1702350309808', '2023-10-23', NULL, '13', '2023-12-18 17:49:41', '2023-12-18 17:49:41'),
(410, 'BK-1702972206612', 'BRG-1702350508081', '2023-09-29', NULL, '46', '2023-12-18 17:50:22', '2023-12-18 17:50:22'),
(411, 'BK-1702972228454', 'BRG-1702350171387', '2023-09-29', NULL, '46', '2023-12-18 17:50:38', '2023-12-18 17:50:38'),
(412, 'BK-1702972246644', 'BRG-1702283106178', '2023-09-29', NULL, '35', '2023-12-18 17:51:10', '2023-12-18 17:51:10'),
(413, 'BK-1702972281958', 'BRG-1702350309808', '2023-09-29', NULL, '23', '2023-12-18 17:51:35', '2023-12-18 17:51:35'),
(414, 'BK-1702972300117', 'BRG-1702350508081', '2023-09-29', NULL, '28', '2023-12-18 17:51:55', '2023-12-18 17:51:55'),
(415, 'BK-1702972411005', 'BRG-1702350508081', '2023-10-13', NULL, '51', '2023-12-18 17:53:44', '2023-12-18 17:53:44'),
(416, 'BK-1702972431340', 'BRG-1702354778950', '2023-10-13', NULL, '20', '2023-12-18 17:54:07', '2023-12-18 17:54:07'),
(417, 'BK-1702972452573', 'BRG-1702350171387', '2023-10-13', NULL, '40', '2023-12-18 17:54:24', '2023-12-18 17:54:24'),
(418, 'BK-1702972468836', 'BRG-1702283106178', '2023-10-13', NULL, '39', '2023-12-18 17:54:42', '2023-12-18 17:54:42'),
(419, 'BK-1702972496324', 'BRG-1702283425868', '2023-10-13', NULL, '22', '2023-12-18 17:55:10', '2023-12-18 17:55:10'),
(420, 'BK-1702972527901', 'BRG-1702350171387', '2023-11-03', NULL, '22', '2023-12-18 17:55:53', '2023-12-18 17:55:53'),
(421, 'BK-1702972558578', 'BRG-1702282979460', '2023-11-03', NULL, '81', '2023-12-18 17:56:13', '2023-12-18 17:56:13'),
(422, 'BK-1702972578429', 'BRG-1702283106178', '2023-11-03', NULL, '7.5', '2023-12-18 17:56:33', '2023-12-18 17:56:33'),
(423, 'BK-1702972601055', 'BRG-1702350309808', '2023-11-03', NULL, '5', '2023-12-18 17:56:51', '2023-12-18 17:56:51'),
(424, 'BK-1702972627284', 'BRG-1702357281520', '2023-11-10', NULL, '141', '2023-12-18 17:57:20', '2023-12-18 17:57:20'),
(425, 'BK-1702972648470', 'BRG-1702282324650', '2023-11-17', NULL, '35', '2023-12-18 17:57:40', '2023-12-18 17:57:40'),
(426, 'BK-1702972665446', 'BRG-1702282434137', '2023-11-17', NULL, '45', '2023-12-18 17:57:57', '2023-12-18 17:57:57'),
(427, 'BK-1702972684559', 'BRG-1702350508081', '2023-11-17', NULL, '15', '2023-12-18 17:58:15', '2023-12-18 17:58:15'),
(429, 'BK-1704689436719', 'BRG-1702279612152', '2023-12-20', NULL, '60', '2024-01-07 14:50:48', '2024-01-07 14:50:48'),
(430, 'BK-1704689495014', 'BRG-1702279945488', '2023-12-20', NULL, '300', '2024-01-07 14:51:52', '2024-01-07 14:51:52'),
(431, 'BK-1704689561837', 'BRG-1702281390432', '2023-12-20', NULL, '1000', '2024-01-07 14:53:00', '2024-01-07 14:53:00');

-- --------------------------------------------------------

--
-- Table structure for table `tbl_barangmasuk`
--

CREATE TABLE `tbl_barangmasuk` (
  `bm_id` int(10) UNSIGNED NOT NULL,
  `bm_kode` varchar(255) NOT NULL,
  `barang_kode` varchar(255) NOT NULL,
  `pengecek_id` varchar(255) NOT NULL,
  `bm_tanggal` varchar(255) NOT NULL,
  `bm_jumlah` varchar(255) NOT NULL,
  `created_at` timestamp NULL DEFAULT NULL,
  `updated_at` timestamp NULL DEFAULT NULL
) ENGINE=InnoDB DEFAULT CHARSET=utf8mb4 COLLATE=utf8mb4_unicode_ci;

--
-- Dumping data for table `tbl_barangmasuk`
--

INSERT INTO `tbl_barangmasuk` (`bm_id`, `bm_kode`, `barang_kode`, `pengecek_id`, `bm_tanggal`, `bm_jumlah`, `created_at`, `updated_at`) VALUES
(7, 'BM-1702370796186', 'BRG-1702354928362', '7', '2023-03-03', '4', '2023-12-11 18:47:18', '2023-12-12 13:11:48'),
(8, 'BM-1702370846276', 'BRG-1702355042287', '7', '2023-03-03', '2', '2023-12-11 18:47:51', '2023-12-12 13:11:54'),
(9, 'BM-1702370880118', 'BRG-1702355104702', '7', '2023-03-03', '1', '2023-12-11 18:48:15', '2023-12-12 13:12:02'),
(10, 'BM-1702370904522', 'BRG-1702355149861', '7', '2023-03-03', '14', '2023-12-11 18:48:36', '2023-12-12 13:12:07'),
(11, 'BM-1702370922354', 'BRG-1702355257993', '7', '2023-03-03', '3', '2023-12-11 18:48:55', '2023-12-12 13:12:13'),
(12, 'BM-1702370960657', 'BRG-1702355444887', '7', '2023-03-03', '13', '2023-12-11 18:49:33', '2023-12-12 13:12:21'),
(13, 'BM-1702370981675', 'BRG-1702352920357', '7', '2023-03-03', '5', '2023-12-11 18:49:53', '2023-12-12 13:12:27'),
(14, 'BM-1702371010268', 'BRG-1702287838183', '7', '2023-03-03', '1', '2023-12-11 18:50:22', '2023-12-12 13:12:32'),
(15, 'BM-1702371033917', 'BRG-1702355540989', '7', '2023-03-03', '3', '2023-12-11 18:50:50', '2023-12-12 13:12:41'),
(16, 'BM-1702371057732', 'BRG-1702352665778', '7', '2023-03-03', '8', '2023-12-11 18:51:12', '2023-12-12 13:12:46'),
(17, 'BM-1702371081483', 'BRG-1702352785076', '7', '2023-03-03', '4', '2023-12-11 18:51:35', '2023-12-12 13:12:53'),
(18, 'BM-1702371101368', 'BRG-1702355369294', '7', '2023-03-03', '13', '2023-12-11 18:51:55', '2023-12-12 13:12:59'),
(45, 'BM-1702437414887', 'BRG-1702285299374', '7', '2023-03-03', '1', '2023-12-12 13:17:16', '2023-12-12 13:17:16'),
(56, 'BM-1702438143907', 'BRG-1702286928488', '7', '2023-03-03', '10', '2023-12-12 13:29:17', '2023-12-12 13:29:17'),
(58, 'BM-1702438254698', 'BRG-1702438232183', '7', '2023-03-03', '67', '2023-12-12 13:31:25', '2023-12-12 13:31:25'),
(59, 'BM-1702439818349', 'BRG-1702355444887', '7', '2023-03-15', '2', '2023-12-12 13:57:27', '2023-12-12 13:57:27'),
(60, 'BM-1702439855044', 'BRG-1702352920357', '7', '2023-03-15', '1', '2023-12-12 13:57:49', '2023-12-12 13:57:49'),
(61, 'BM-1702439884013', 'BRG-1702352665778', '7', '2023-03-15', '1', '2023-12-12 13:58:21', '2023-12-12 13:58:21'),
(62, 'BM-1702439911277', 'BRG-1702356725523', '7', '2023-03-15', '252', '2023-12-12 13:58:47', '2023-12-12 13:58:47'),
(63, 'BM-1702440097449', 'BRG-1702285327493', '7', '2023-03-15', '2', '2023-12-12 14:01:57', '2023-12-12 14:01:57'),
(64, 'BM-1702440155590', 'BRG-1702285876512', '7', '2023-03-15', '1', '2023-12-12 14:02:59', '2023-12-12 14:02:59'),
(65, 'BM-1702440383848', 'BRG-1702440310310', '7', '2023-03-15', '2', '2023-12-12 14:06:39', '2023-12-12 14:06:39'),
(66, 'BM-1702440415462', 'BRG-1702437785802', '7', '2023-03-15', '1', '2023-12-12 14:07:08', '2023-12-12 14:07:08'),
(67, 'BM-1702440913648', 'BRG-1702285597006', '7', '2023-03-24', '1', '2023-12-12 14:15:27', '2023-12-12 14:15:27'),
(68, 'BM-1702441043423', 'BRG-1702287406967', '7', '2023-03-24', '1', '2023-12-12 14:17:37', '2023-12-12 14:17:37'),
(69, 'BM-1702441066783', 'BRG-1702355444887', '7', '2023-03-24', '10', '2023-12-12 14:18:01', '2023-12-12 14:18:01'),
(70, 'BM-1702441611061', 'BRG-1702441549429', '7', '2023-03-24', '1', '2023-12-12 14:27:09', '2023-12-12 14:27:09'),
(71, 'BM-1702441708272', 'BRG-1702441672005', '7', '2023-03-24', '3', '2023-12-12 14:28:44', '2023-12-12 14:28:44'),
(72, 'BM-1702441772022', 'BRG-1702357821282', '7', '2023-03-24', '7', '2023-12-12 14:29:47', '2023-12-12 14:29:47'),
(73, 'BM-1702441794432', 'BRG-1702357862296', '7', '2023-03-24', '8', '2023-12-12 14:30:07', '2023-12-12 14:30:07'),
(74, 'BM-1702441852055', 'BRG-1702278486430', '7', '2023-03-24', '1000', '2023-12-12 14:31:06', '2023-12-13 18:03:32'),
(75, 'BM-1702442015998', 'BRG-1702352665778', '7', '2023-03-31', '1', '2023-12-12 14:33:52', '2023-12-12 14:33:52'),
(76, 'BM-1702442229135', 'BRG-1702282497322', '7', '2023-03-31', '134', '2023-12-12 14:37:22', '2023-12-12 14:37:22'),
(78, 'BM-1702442507834', 'BRG-1702285299374', '7', '2023-03-31', '1', '2023-12-12 14:41:59', '2023-12-12 14:41:59'),
(79, 'BM-1702442521320', 'BRG-1702285327493', '7', '2023-03-31', '2', '2023-12-12 14:42:12', '2023-12-12 14:42:12'),
(80, 'BM-1702442634730', 'BRG-1702442582905', '7', '2023-03-31', '7', '2023-12-12 14:44:08', '2023-12-12 14:44:08'),
(81, 'BM-1702442662729', 'BRG-1702441672005', '7', '2023-03-31', '2', '2023-12-12 14:44:35', '2023-12-12 14:44:35'),
(82, 'BM-1702442966561', 'BRG-1702355855705', '8', '2023-04-06', '4', '2023-12-12 14:49:41', '2023-12-12 14:49:41'),
(89, 'BM-1702452231076', 'BRG-1702349009556', '7', '2023-03-31', '6', '2023-12-12 17:24:06', '2023-12-12 17:24:06'),
(90, 'BM-1702452303487', 'BRG-1702349009556', '8', '2023-04-12', '5', '2023-12-12 17:25:19', '2023-12-12 17:25:19'),
(91, 'BM-1702452446150', 'BRG-1702355369294', '8', '2023-04-14', '1', '2023-12-12 17:27:39', '2023-12-12 17:27:39'),
(93, 'BM-1702453237656', 'BRG-1702354928362', '8', '2023-04-26', '1', '2023-12-12 17:40:57', '2023-12-12 17:40:57'),
(94, 'BM-1702453273598', 'BRG-1702355149861', '8', '2023-04-26', '5', '2023-12-12 17:41:37', '2023-12-12 17:41:37'),
(95, 'BM-1702453399231', 'BRG-1702355149861', '8', '2023-05-08', '1', '2023-12-12 17:43:34', '2023-12-12 17:43:34'),
(96, 'BM-1702453436375', 'BRG-1702355540989', '8', '2023-05-08', '2', '2023-12-12 17:44:13', '2023-12-12 17:44:13'),
(97, 'BM-1702453467428', 'BRG-1702352665778', '8', '2023-05-08', '1', '2023-12-12 17:44:40', '2023-12-12 17:44:40'),
(98, 'BM-1702453519903', 'BRG-1702355369294', '8', '2023-05-08', '1', '2023-12-12 17:45:33', '2023-12-12 17:45:33'),
(99, 'BM-1702453535246', 'BRG-1702355855705', '8', '2023-05-08', '2', '2023-12-12 17:45:48', '2023-12-12 17:45:48'),
(100, 'BM-1702453559630', 'BRG-1702356725523', '8', '2023-05-08', '14', '2023-12-12 17:46:10', '2023-12-12 17:46:10'),
(101, 'BM-1702453726558', 'BRG-1702453684792', '8', '2023-05-08', '11', '2023-12-12 17:49:01', '2023-12-12 17:49:01'),
(102, 'BM-1702454245746', 'BRG-1702454199320', '8', '2023-05-19', '1', '2023-12-12 17:57:51', '2023-12-12 17:57:51'),
(103, 'BM-1702454284272', 'BRG-1702355927008', '8', '2023-05-19', '2', '2023-12-12 17:58:25', '2023-12-12 17:58:25'),
(104, 'BM-1702454319119', 'BRG-1702356025666', '8', '2023-05-19', '1', '2023-12-12 17:58:51', '2023-12-12 17:58:51'),
(105, 'BM-1702454333623', 'BRG-1702356102941', '8', '2023-05-19', '1', '2023-12-12 17:59:04', '2023-12-12 17:59:04'),
(106, 'BM-1702454396584', 'BRG-1702355444887', '8', '2023-05-30', '2', '2023-12-12 18:00:08', '2023-12-12 18:00:08'),
(107, 'BM-1702454422153', 'BRG-1702355369294', '8', '2023-05-30', '2', '2023-12-12 18:00:37', '2023-12-12 18:00:37'),
(108, 'BM-1702454450864', 'BRG-1702356725523', '8', '2023-05-30', '56', '2023-12-12 18:01:04', '2023-12-12 18:01:04'),
(109, 'BM-1702454793777', 'BRG-1702355369294', '8', '2023-06-23', '2', '2023-12-12 18:06:52', '2023-12-12 18:06:52'),
(110, 'BM-1702455060888', 'BRG-1702352785076', '8', '2023-06-28', '3', '2023-12-12 18:11:18', '2023-12-12 18:11:18'),
(111, 'BM-1702455181515', 'BRG-1702354928362', '6', '2023-07-07', '4', '2023-12-12 18:13:18', '2023-12-12 18:13:18'),
(112, 'BM-1702455221899', 'BRG-1702355149861', '6', '2023-07-07', '4', '2023-12-12 18:13:55', '2023-12-12 18:13:55'),
(113, 'BM-1702455243568', 'BRG-1702355444887', '6', '2023-07-07', '1', '2023-12-12 18:14:15', '2023-12-12 18:14:15'),
(114, 'BM-1702455262922', 'BRG-1702355540989', '6', '2023-07-07', '3', '2023-12-12 18:14:39', '2023-12-12 18:14:39'),
(115, 'BM-1702455335168', 'BRG-1702453684792', '6', '2023-07-07', '7', '2023-12-12 18:15:52', '2023-12-12 18:15:52'),
(116, 'BM-1702455370786', 'BRG-1702287406967', '6', '2023-07-07', '22', '2023-12-12 18:16:25', '2023-12-12 18:16:25'),
(117, 'BM-1702455393186', 'BRG-1702355927008', '6', '2023-07-07', '1', '2023-12-12 18:16:47', '2023-12-12 18:16:47'),
(118, 'BM-1702455408937', 'BRG-1702356025666', '6', '2023-07-07', '1', '2023-12-12 18:16:59', '2023-12-12 18:16:59'),
(119, 'BM-1702455421370', 'BRG-1702356102941', '6', '2023-07-07', '1', '2023-12-12 18:17:10', '2023-12-12 18:17:10'),
(120, 'BM-1702455444827', 'BRG-1702355149861', '6', '2023-07-14', '3', '2023-12-12 18:17:41', '2023-12-12 18:17:41'),
(121, 'BM-1702455538231', 'BRG-1702352665778', '6', '2023-07-14', '1', '2023-12-12 18:19:12', '2023-12-12 18:19:12'),
(122, 'BM-1702455688379', 'BRG-1702352785076', '6', '2023-07-21', '1', '2023-12-12 18:21:44', '2023-12-12 18:21:44'),
(123, 'BM-1702455851772', 'BRG-1702355149861', '6', '2023-07-28', '2', '2023-12-12 18:24:27', '2023-12-12 18:24:27'),
(124, 'BM-1702455893489', 'BRG-1702356725523', '6', '2023-07-28', '28', '2023-12-12 18:25:08', '2023-12-12 18:25:08'),
(125, 'BM-1702455910538', 'BRG-1702352785076', '6', '2023-07-28', '1', '2023-12-12 18:25:23', '2023-12-12 18:25:23'),
(126, 'BM-1702455936243', 'BRG-1702287406967', '6', '2023-07-28', '17', '2023-12-12 18:25:50', '2023-12-12 18:25:50'),
(127, 'BM-1702455951619', 'BRG-1702453684792', '6', '2023-07-28', '2', '2023-12-12 18:26:03', '2023-12-12 18:26:03'),
(128, 'BM-1702455997139', 'BRG-1702355444887', '6', '2023-08-04', '4', '2023-12-12 18:27:06', '2023-12-12 18:27:06'),
(129, 'BM-1702456123228', 'BRG-1702355369294', '6', '2023-08-04', '2', '2023-12-12 18:28:57', '2023-12-12 18:28:57'),
(130, 'BM-1702456868794', 'BRG-1702352920357', '6', '2023-08-11', '1', '2023-12-12 18:41:29', '2023-12-12 18:41:29'),
(131, 'BM-1702456917541', 'BRG-1702352785076', '6', '2023-08-11', '1', '2023-12-12 18:42:08', '2023-12-12 18:42:08'),
(132, 'BM-1702457148058', 'BRG-1702453684792', '6', '2023-08-18', '2', '2023-12-12 18:46:02', '2023-12-12 18:46:02'),
(133, 'BM-1702457327884', 'BRG-1702354928362', '6', '2023-08-25', '2', '2023-12-12 18:49:03', '2023-12-12 18:49:03'),
(134, 'BM-1702457385884', 'BRG-1702354928362', '6', '2023-09-01', '1', '2023-12-12 18:50:00', '2023-12-12 18:50:00'),
(135, 'BM-1702457412252', 'BRG-1702352665778', '6', '2023-09-01', '5', '2023-12-12 18:50:24', '2023-12-12 18:50:24'),
(136, 'BM-1702457578678', 'BRG-1702355444887', '6', '2023-09-08', '1', '2023-12-12 18:53:12', '2023-12-12 18:53:12'),
(137, 'BM-1702457594365', 'BRG-1702352920357', '6', '2023-09-08', '2', '2023-12-12 18:53:30', '2023-12-12 18:53:30'),
(138, 'BM-1702457731679', 'BRG-1702282497322', '6', '2023-09-08', '2500', '2023-12-12 18:55:51', '2023-12-12 18:55:51'),
(139, 'BM-1702458103865', 'BRG-1702352665778', '6', '2023-09-19', '2', '2023-12-12 19:02:08', '2023-12-12 19:02:08'),
(140, 'BM-1702458150143', 'BRG-1702356725523', '6', '2023-09-19', '172', '2023-12-12 19:02:42', '2023-12-12 19:02:42'),
(141, 'BM-1702458176763', 'BRG-1702287406967', '6', '2023-09-19', '4', '2023-12-12 19:03:07', '2023-12-12 19:03:07'),
(142, 'BM-1702458227037', 'BRG-1702356249156', '6', '2023-09-19', '3', '2023-12-12 19:04:01', '2023-12-12 19:04:01'),
(143, 'BM-1702458252990', 'BRG-1702286928488', '6', '2023-09-19', '2', '2023-12-12 19:04:27', '2023-12-12 19:04:27'),
(144, 'BM-1702458347656', 'BRG-1702458295232', '6', '2023-09-19', '3', '2023-12-12 19:06:08', '2023-12-12 19:06:08'),
(145, 'BM-1702458383359', 'BRG-1702285299374', '6', '2023-09-19', '3', '2023-12-12 19:06:33', '2023-12-12 19:06:33'),
(146, 'BM-1702458400135', 'BRG-1702356316260', '6', '2023-09-19', '3', '2023-12-12 19:06:52', '2023-12-12 19:06:52'),
(147, 'BM-1702458418446', 'BRG-1702356411478', '6', '2023-09-19', '1', '2023-12-12 19:07:09', '2023-12-12 19:07:09'),
(148, 'BM-1702458629385', 'BRG-1702458465007', '6', '2023-09-19', '750', '2023-12-12 19:10:45', '2023-12-12 19:10:45'),
(149, 'BM-1702458663472', 'BRG-1702277447781', '6', '2023-09-19', '3500', '2023-12-12 19:11:28', '2023-12-13 17:59:26'),
(150, 'BM-1702458695295', 'BRG-1702285327493', '6', '2023-09-19', '2', '2023-12-12 19:11:46', '2023-12-12 19:11:46'),
(151, 'BM-1702458742273', 'BRG-1702352665778', '6', '2023-09-29', '1', '2023-12-12 19:12:43', '2023-12-12 19:12:43'),
(153, 'BM-1702459052169', 'BRG-1702355149861', '6', '2023-09-29', '5', '2023-12-12 19:17:57', '2023-12-12 19:17:57'),
(154, 'BM-1702459126071', 'BRG-1702355444887', '6', '2023-09-29', '1', '2023-12-12 19:19:01', '2023-12-12 19:19:01'),
(155, 'BM-1702526092870', 'BRG-1702355042287', '6', '2023-10-06', '1', '2023-12-13 13:55:15', '2023-12-13 13:55:15'),
(156, 'BM-1702526172964', 'BRG-1702352665778', '6', '2023-10-06', '4', '2023-12-13 13:56:36', '2023-12-13 13:56:36'),
(157, 'BM-1702526204923', 'BRG-1702458295232', '6', '2023-10-06', '1', '2023-12-13 13:56:54', '2023-12-13 13:56:54'),
(158, 'BM-1702526221621', 'BRG-1702356316260', '6', '2023-10-06', '1', '2023-12-13 13:57:12', '2023-12-13 13:57:12'),
(159, 'BM-1702526563301', 'BRG-1702355444887', '6', '2023-10-13', '1', '2023-12-13 14:02:56', '2023-12-13 14:02:56'),
(160, 'BM-1702526580140', 'BRG-1702352920357', '6', '2023-10-13', '1', '2023-12-13 14:03:12', '2023-12-13 14:03:12'),
(161, 'BM-1702526595341', 'BRG-1702285327493', '6', '2023-10-13', '1', '2023-12-13 14:03:27', '2023-12-13 14:03:27'),
(162, 'BM-1702526747252', 'BRG-1702355149861', '6', '2023-10-23', '3', '2023-12-13 14:06:16', '2023-12-13 14:06:16'),
(163, 'BM-1702526785467', 'BRG-1702355369294', '6', '2023-10-23', '3', '2023-12-13 14:06:44', '2023-12-13 14:06:44'),
(164, 'BM-1702526818772', 'BRG-1702453684792', '6', '2023-10-23', '4', '2023-12-13 14:07:14', '2023-12-13 14:07:14'),
(165, 'BM-1702526837629', 'BRG-1702285299374', '6', '2023-10-23', '1', '2023-12-13 14:07:27', '2023-12-13 14:07:27'),
(166, 'BM-1702527114118', 'BRG-1702458295232', '6', '2023-10-27', '4', '2023-12-13 14:12:09', '2023-12-13 14:12:09'),
(167, 'BM-1702527133981', 'BRG-1702285299374', '6', '2023-10-27', '1', '2023-12-13 14:12:24', '2023-12-13 14:12:24'),
(168, 'BM-1702527230670', 'BRG-1702527205724', '6', '2023-10-27', '2', '2023-12-13 14:14:04', '2023-12-13 14:14:04'),
(169, 'BM-1702527249805', 'BRG-1702349009556', '6', '2023-10-27', '1', '2023-12-13 14:14:22', '2023-12-13 14:14:22'),
(170, 'BM-1702527267100', 'BRG-1702356644799', '6', '2023-10-27', '1', '2023-12-13 14:14:39', '2023-12-13 14:14:39'),
(171, 'BM-1702527281956', 'BRG-1702356493799', '6', '2023-10-27', '1000', '2023-12-13 14:15:03', '2023-12-13 18:01:25'),
(172, 'BM-1702527370530', 'BRG-1702285327493', '6', '2023-11-03', '1', '2023-12-13 14:16:23', '2023-12-13 14:16:23'),
(173, 'BM-1702527512926', 'BRG-1702352920357', '6', '2023-11-10', '1', '2023-12-13 14:18:44', '2023-12-13 14:18:44'),
(174, 'BM-1702527530174', 'BRG-1702287838183', '6', '2023-11-10', '1', '2023-12-13 14:19:04', '2023-12-13 14:19:04'),
(175, 'BM-1702527550748', 'BRG-1702352665778', '6', '2023-11-10', '5', '2023-12-13 14:19:24', '2023-12-13 14:19:24'),
(176, 'BM-1702527568989', 'BRG-1702453684792', '6', '2023-11-10', '1', '2023-12-13 14:19:41', '2023-12-13 14:19:41'),
(177, 'BM-1702527587235', 'BRG-1702356249156', '6', '2023-11-10', '2', '2023-12-13 14:19:58', '2023-12-13 14:19:58'),
(178, 'BM-1702527783814', 'BRG-1702355149861', '6', '2023-11-17', '2', '2023-12-13 14:23:16', '2023-12-13 14:23:16'),
(179, 'BM-1702535997693', 'BRG-1702285178110', '7', '2023-03-03', '3', '2023-12-13 16:40:48', '2023-12-13 16:40:48'),
(180, 'BM-1702536078340', 'BRG-1702285227196', '7', '2023-03-03', '6', '2023-12-13 16:41:47', '2023-12-13 16:41:47'),
(181, 'BM-1702536115171', 'BRG-1702285299374', '7', '2023-03-03', '1', '2023-12-13 16:42:10', '2023-12-13 16:42:10'),
(182, 'BM-1702536134388', 'BRG-1702285409975', '7', '2023-03-03', '1', '2023-12-13 16:42:33', '2023-12-13 16:42:33'),
(183, 'BM-1702536156348', 'BRG-1702285453542', '7', '2023-03-03', '1', '2023-12-13 16:43:00', '2023-12-13 16:43:00'),
(184, 'BM-1702536182053', 'BRG-1702437539962', '7', '2023-03-03', '1', '2023-12-13 16:43:21', '2023-12-13 16:43:21'),
(185, 'BM-1702536212572', 'BRG-1702285597006', '7', '2023-03-03', '1', '2023-12-13 16:43:53', '2023-12-13 16:43:53'),
(186, 'BM-1702536245301', 'BRG-1702285648092', '7', '2023-03-03', '1', '2023-12-13 16:44:24', '2023-12-13 16:44:24'),
(187, 'BM-1702536272173', 'BRG-1702285706304', '7', '2023-03-03', '1', '2023-12-13 16:44:43', '2023-12-13 16:44:43'),
(188, 'BM-1702536290732', 'BRG-1702285763984', '7', '2023-03-03', '1', '2023-12-13 16:45:05', '2023-12-13 16:45:05'),
(189, 'BM-1702536380906', 'BRG-1702437925363', '7', '2023-03-03', '2', '2023-12-13 16:46:45', '2023-12-13 16:46:45'),
(190, 'BM-1702536429229', 'BRG-1702438069723', '7', '2023-03-03', '1', '2023-12-13 16:47:26', '2023-12-13 16:47:26'),
(191, 'BM-1702536450700', 'BRG-1702287288775', '7', '2023-03-03', '1', '2023-12-13 16:47:47', '2023-12-13 16:47:47'),
(192, 'BM-1702536469756', 'BRG-1702286302033', '7', '2023-03-03', '1', '2023-12-13 16:48:04', '2023-12-13 16:48:04'),
(193, 'BM-1702536495653', 'BRG-1702286928488', '7', '2023-03-03', '10', '2023-12-13 16:48:32', '2023-12-13 16:48:32'),
(199, 'BM-1702538979814', 'BRG-1702277447781', '7', '2023-03-03', '29000', '2023-12-13 17:30:09', '2023-12-13 17:59:34'),
(200, 'BM-1702539786118', 'BRG-1702277776240', '7', '2023-03-03', '1500', '2023-12-13 17:43:22', '2023-12-13 18:00:21'),
(201, 'BM-1702539844432', 'BRG-1702277967637', '7', '2023-03-03', '2', '2023-12-13 17:44:20', '2023-12-13 17:44:20'),
(203, 'BM-1702539952694', 'BRG-1702278313229', '7', '2023-03-03', '1000', '2023-12-13 17:46:16', '2023-12-13 18:02:45'),
(204, 'BM-1702540411505', 'BRG-1702278486430', '7', '2023-03-03', '1000', '2023-12-13 17:53:56', '2023-12-13 18:03:26'),
(205, 'BM-1702540439928', 'BRG-1702278644805', '7', '2023-03-03', '500', '2023-12-13 17:54:21', '2023-12-13 17:56:55'),
(206, 'BM-1702540479485', 'BRG-1702278847172', '7', '2023-03-03', '250', '2023-12-13 17:55:21', '2023-12-13 17:55:21'),
(207, 'BM-1702541079369', 'BRG-1702278943055', '7', '2023-03-03', '60', '2023-12-13 18:05:01', '2023-12-13 18:06:15'),
(208, 'BM-1702541118467', 'BRG-1702279057462', '7', '2023-03-03', '800', '2023-12-13 18:05:37', '2023-12-13 18:06:03'),
(209, 'BM-1702541185719', 'BRG-1702279146800', '7', '2023-03-03', '500', '2023-12-13 18:06:44', '2023-12-13 18:06:44'),
(210, 'BM-1702541250976', 'BRG-1702279194191', '7', '2023-03-03', '3600', '2023-12-13 18:07:54', '2023-12-13 18:07:54'),
(211, 'BM-1702541278416', 'BRG-1702279323735', '7', '2023-03-03', '7500', '2023-12-13 18:08:25', '2023-12-13 18:08:25'),
(212, 'BM-1702541501002', 'BRG-1702279486247', '7', '2023-03-03', '28', '2023-12-13 18:12:09', '2023-12-13 18:12:09'),
(213, 'BM-1702541585449', 'BRG-1702285327493', '7', '2023-03-15', '2', '2023-12-13 18:13:40', '2023-12-13 18:21:17'),
(214, 'BM-1702541644649', 'BRG-1702285876512', '7', '2023-03-15', '1', '2023-12-13 18:14:45', '2023-12-13 18:21:08'),
(215, 'BM-1702541695121', 'BRG-1702440310310', '7', '2023-03-15', '2', '2023-12-13 18:15:06', '2023-12-13 18:18:00'),
(216, 'BM-1702541713337', 'BRG-1702437785802', '7', '2023-03-15', '1', '2023-12-13 18:15:31', '2023-12-13 18:19:00'),
(217, 'BM-1702542237473', 'BRG-1702285597006', '7', '2023-03-24', '1', '2023-12-13 18:24:18', '2023-12-13 18:24:18'),
(218, 'BM-1702542351651', 'BRG-1702287406967', '7', '2023-03-24', '1', '2023-12-13 18:26:06', '2023-12-13 18:26:06'),
(219, 'BM-1702542373810', 'BRG-1702355444887', '7', '2023-03-24', '10', '2023-12-13 18:26:26', '2023-12-13 18:26:26'),
(220, 'BM-1702542396656', 'BRG-1702357821282', '7', '2023-03-24', '7', '2023-12-13 18:27:03', '2023-12-13 18:27:03'),
(221, 'BM-1702542431851', 'BRG-1702357862296', '7', '2023-03-24', '8', '2023-12-13 18:27:26', '2023-12-13 18:27:26'),
(222, 'BM-1702542482267', 'BRG-1702277776240', '7', '2023-03-24', '800', '2023-12-13 18:28:24', '2023-12-13 18:28:24'),
(223, 'BM-1702542714667', 'BRG-1702279146800', '7', '2023-03-24', '500', '2023-12-13 18:32:12', '2023-12-13 18:32:39'),
(224, 'BM-1702542985465', 'BRG-1702285299374', '7', '2023-03-31', '1', '2023-12-13 18:36:41', '2023-12-13 18:36:41'),
(225, 'BM-1702543003617', 'BRG-1702285327493', '7', '2023-03-31', '2', '2023-12-13 18:36:58', '2023-12-13 18:36:58'),
(226, 'BM-1702543569541', 'BRG-1702278943055', '8', '2023-04-06', '12', '2023-12-13 18:46:29', '2023-12-13 18:46:29'),
(228, 'BM-1702543920803', 'BRG-1702279269182', '8', '2023-04-12', '1200', '2023-12-13 18:52:17', '2023-12-13 18:52:17'),
(229, 'BM-1702543944388', 'BRG-1702279612152', '8', '2023-04-12', '1080', '2023-12-13 18:52:45', '2023-12-13 18:52:45'),
(230, 'BM-1702543967402', 'BRG-1702279945488', '8', '2023-04-12', '4200', '2023-12-13 18:53:01', '2023-12-13 18:53:01'),
(231, 'BM-1702543983596', 'BRG-1702280045559', '8', '2023-04-12', '4200', '2023-12-13 18:53:18', '2023-12-13 18:53:18'),
(232, 'BM-1702544025818', 'BRG-1702349009556', '7', '2023-03-31', '6', '2023-12-13 18:54:05', '2023-12-13 18:54:05'),
(233, 'BM-1702544101301', 'BRG-1702349009556', '8', '2023-04-12', '5', '2023-12-13 18:55:14', '2023-12-13 18:55:14'),
(234, 'BM-1702544445278', 'BRG-1702279566229', '8', '2023-04-14', '4750', '2023-12-13 19:01:10', '2023-12-13 19:01:10'),
(235, 'BM-1702544475540', 'BRG-1702544413577', '8', '2023-04-14', '9', '2023-12-13 19:01:29', '2023-12-13 19:01:29'),
(236, 'BM-1702545506756', 'BRG-1702285327493', '8', '2023-04-26', '11', '2023-12-13 19:18:55', '2023-12-13 19:18:55'),
(237, 'BM-1702545540461', 'BRG-1702358044835', '8', '2023-04-26', '12', '2023-12-13 19:19:14', '2023-12-13 19:19:14'),
(238, 'BM-1702545558189', 'BRG-1702349009556', '8', '2023-04-26', '1', '2023-12-13 19:19:31', '2023-12-13 19:19:31'),
(239, 'BM-1702546163551', 'BRG-1702285971646', '8', '2023-05-08', '1', '2023-12-13 19:30:06', '2023-12-13 19:30:06'),
(240, 'BM-1702546211342', 'BRG-1702278209733', '8', '2023-05-08', '4800', '2023-12-13 19:30:28', '2023-12-13 19:30:28'),
(241, 'BM-1702546535535', 'BRG-1702348947221', '8', '2023-05-19', '8', '2023-12-13 19:35:56', '2023-12-13 19:35:56'),
(242, 'BM-1702547243503', 'BRG-1702355444887', '8', '2023-05-30', '2', '2023-12-13 19:47:40', '2023-12-13 19:47:40'),
(243, 'BM-1702547281031', 'BRG-1702357821282', '8', '2023-05-30', '1', '2023-12-13 19:48:13', '2023-12-13 19:48:13'),
(244, 'BM-1702547302550', 'BRG-1702285971646', '8', '2023-05-30', '1', '2023-12-13 19:48:32', '2023-12-13 19:48:32'),
(245, 'BM-1702547315711', 'BRG-1702286214631', '8', '2023-05-30', '1', '2023-12-13 19:48:45', '2023-12-13 19:48:45'),
(246, 'BM-1702547331422', 'BRG-1702278486430', '8', '2023-05-30', '1000', '2023-12-13 19:49:14', '2023-12-13 19:49:14'),
(247, 'BM-1702548141208', 'BRG-1702285178110', '8', '2023-06-09', '1', '2023-12-13 20:03:30', '2023-12-13 20:03:30'),
(248, 'BM-1702548245287', 'BRG-1702454199320', '8', '2023-06-09', '1', '2023-12-13 20:05:44', '2023-12-13 20:05:44'),
(249, 'BM-1702548365471', 'BRG-1702277447781', '8', '2023-06-09', '1100', '2023-12-13 20:06:18', '2023-12-13 20:06:18'),
(251, 'BM-1702548415950', 'BRG-1702349009556', '8', '2023-06-09', '10', '2023-12-13 20:07:09', '2023-12-13 20:07:09'),
(252, 'BM-1702548557166', 'BRG-1702348947221', '8', '2023-06-09', '6', '2023-12-13 20:09:35', '2023-12-13 20:09:35'),
(253, 'BM-1702548582438', 'BRG-1702280103208', '8', '2023-06-09', '300', '2023-12-13 20:10:01', '2023-12-13 20:10:01'),
(254, 'BM-1702548604614', 'BRG-1702280271926', '8', '2023-06-09', '500', '2023-12-13 20:10:30', '2023-12-13 20:10:30'),
(255, 'BM-1702548635326', 'BRG-1702280359936', '8', '2023-06-09', '700', '2023-12-13 20:10:55', '2023-12-13 20:10:55'),
(256, 'BM-1702548669912', 'BRG-1702280445232', '8', '2023-06-09', '450', '2023-12-13 20:11:24', '2023-12-13 20:11:24'),
(257, 'BM-1702548690378', 'BRG-1702280534759', '8', '2023-06-09', '250', '2023-12-13 20:11:44', '2023-12-13 20:11:44'),
(258, 'BM-1702864974488', 'BRG-1702285178110', '6', '2023-07-07', '1', '2023-12-17 12:03:11', '2023-12-17 12:03:52'),
(259, 'BM-1702864997173', 'BRG-1702285299374', '6', '2023-07-07', '3', '2023-12-17 12:03:42', '2023-12-17 12:03:42'),
(260, 'BM-1702865044845', 'BRG-1702442582905', '6', '2023-07-07', '1', '2023-12-17 12:04:21', '2023-12-17 12:04:21'),
(261, 'BM-1702865066934', 'BRG-1702286928488', '6', '2023-07-07', '1', '2023-12-17 12:04:39', '2023-12-17 12:04:39'),
(262, 'BM-1702865087925', 'BRG-1702355444887', '6', '2023-07-07', '2', '2023-12-17 12:05:00', '2023-12-17 12:05:00'),
(264, 'BM-1702865132334', 'BRG-1702279269182', '6', '2023-07-07', '100', '2023-12-17 12:05:45', '2023-12-17 12:05:45'),
(265, 'BM-1702865156774', 'BRG-1702279612152', '6', '2023-07-07', '120', '2023-12-17 12:06:11', '2023-12-17 12:06:11'),
(266, 'BM-1702865454958', 'BRG-1702454199320', '6', '2023-07-14', '1', '2023-12-17 12:11:16', '2023-12-17 12:11:16'),
(267, 'BM-1702865486654', 'BRG-1702280045559', '6', '2023-07-14', '150', '2023-12-17 12:11:50', '2023-12-17 12:11:50'),
(268, 'BM-1702865517759', 'BRG-1702349009556', '6', '2023-07-14', '20', '2023-12-17 12:13:01', '2023-12-17 12:13:01'),
(269, 'BM-1702865586943', 'BRG-1702280359936', '6', '2023-07-14', '50', '2023-12-17 12:13:22', '2023-12-17 12:13:22'),
(270, 'BM-1702865607037', 'BRG-1702280271926', '6', '2023-07-14', '250', '2023-12-17 12:13:46', '2023-12-17 12:13:46'),
(271, 'BM-1702866492509', 'BRG-1702280650713', '6', '2023-07-21', '2400', '2023-12-17 12:28:38', '2023-12-17 12:28:38'),
(272, 'BM-1702866525621', 'BRG-1702280701127', '6', '2023-07-21', '1760', '2023-12-17 12:28:58', '2023-12-17 13:13:03'),
(273, 'BM-1702866542716', 'BRG-1702280764809', '6', '2023-07-21', '35', '2023-12-17 12:29:25', '2023-12-17 12:29:25'),
(274, 'BM-1702866572173', 'BRG-1702280929489', '6', '2023-07-21', '900', '2023-12-17 12:29:44', '2023-12-17 12:29:44'),
(275, 'BM-1702866587692', 'BRG-1702280982857', '6', '2023-07-21', '700', '2023-12-17 12:29:58', '2023-12-17 12:29:58'),
(276, 'BM-1702866627379', 'BRG-1702281044286', '6', '2023-07-21', '1', '2023-12-17 12:30:38', '2023-12-17 12:30:38'),
(278, 'BM-1702866667621', 'BRG-1702278209733', '6', '2023-07-21', '3400', '2023-12-17 12:31:22', '2023-12-17 12:31:22'),
(279, 'BM-1702866689975', 'BRG-1702278313229', '6', '2023-07-21', '1000', '2023-12-17 12:31:42', '2023-12-17 12:31:42'),
(280, 'BM-1702866709429', 'BRG-1702278486430', '6', '2023-07-21', '2250', '2023-12-17 12:32:09', '2023-12-17 12:32:09'),
(281, 'BM-1702867388410', 'BRG-1702279945488', '6', '2023-07-21', '1800', '2023-12-17 12:43:29', '2023-12-17 12:43:29'),
(282, 'BM-1702867438776', 'BRG-1702280045559', '6', '2023-07-21', '550', '2023-12-17 12:44:11', '2023-12-17 12:44:11'),
(283, 'BM-1702867466375', 'BRG-1702348947221', '6', '2023-07-21', '16', '2023-12-17 12:44:40', '2023-12-17 12:44:40'),
(284, 'BM-1702867487790', 'BRG-1702280103208', '6', '2023-07-21', '900', '2023-12-17 12:45:02', '2023-12-17 12:45:02'),
(285, 'BM-1702867506710', 'BRG-1702280271926', '6', '2023-07-21', '1500', '2023-12-17 12:45:24', '2023-12-17 12:45:24'),
(286, 'BM-1702867534430', 'BRG-1702280534759', '6', '2023-07-21', '1600', '2023-12-17 12:45:53', '2023-12-17 12:45:53'),
(287, 'BM-1702867582807', 'BRG-1702280607840', '6', '2023-07-21', '600', '2023-12-17 12:46:39', '2023-12-17 12:46:39'),
(288, 'BM-1702867883657', 'BRG-1702285327493', '6', '2023-07-28', '2', '2023-12-17 12:51:34', '2023-12-17 12:51:34'),
(290, 'BM-1702867920462', 'BRG-1702281102401', '6', '2023-07-28', '300', '2023-12-17 12:52:13', '2023-12-17 12:52:13'),
(291, 'BM-1702868570655', 'BRG-1702285299374', '6', '2023-08-04', '1', '2023-12-17 13:03:03', '2023-12-17 13:03:03'),
(292, 'BM-1702868585992', 'BRG-1702281177295', '6', '2023-08-04', '1', '2023-12-17 13:03:18', '2023-12-17 13:03:18'),
(293, 'BM-1702868603287', 'BRG-1702285327493', '6', '2023-08-04', '1', '2023-12-17 13:03:34', '2023-12-17 13:03:34'),
(294, 'BM-1702868776734', 'BRG-1702278313229', '6', '2023-08-11', '500', '2023-12-17 13:06:41', '2023-12-17 13:06:41'),
(295, 'BM-1702868808345', 'BRG-1702280701127', '6', '2023-08-11', '80', '2023-12-17 13:07:13', '2023-12-17 13:07:13'),
(296, 'BM-1702868835145', 'BRG-1702281204232', '6', '2023-08-11', '500', '2023-12-17 13:07:31', '2023-12-17 13:07:31'),
(297, 'BM-1702868989496', 'BRG-1702287406967', '6', '2023-08-11', '21', '2023-12-17 13:10:11', '2023-12-17 13:10:11'),
(298, 'BM-1702869817554', 'BRG-1702347169312', '6', '2023-07-28', '17000', '2023-12-17 13:23:56', '2023-12-17 13:23:56'),
(299, 'BM-1702869839177', 'BRG-1702278139127', '6', '2023-07-28', '20000', '2023-12-17 13:24:13', '2023-12-17 13:24:13'),
(300, 'BM-1702870818700', 'BRG-1702349009556', '6', '2023-08-25', '1', '2023-12-17 13:40:35', '2023-12-17 13:40:35'),
(301, 'BM-1702870837139', 'BRG-1702280701127', '6', '2023-08-25', '880', '2023-12-17 13:40:54', '2023-12-17 13:40:54'),
(302, 'BM-1702871153732', 'BRG-1702287406967', '6', '2023-09-01', '1', '2023-12-17 13:46:07', '2023-12-17 13:46:07'),
(304, 'BM-1702872064297', 'BRG-1702277447781', '6', '2023-09-08', '4750', '2023-12-17 14:01:25', '2023-12-17 14:01:25'),
(305, 'BM-1702872090933', 'BRG-1702278486430', '6', '2023-09-08', '5000', '2023-12-17 14:01:53', '2023-12-17 14:01:53'),
(306, 'BM-1702872135959', 'BRG-1702279945488', '6', '2023-09-08', '100', '2023-12-17 14:02:29', '2023-12-17 14:02:29'),
(307, 'BM-1702872156318', 'BRG-1702349009556', '6', '2023-09-08', '20', '2023-12-17 14:02:51', '2023-12-17 14:02:51'),
(308, 'BM-1702872173292', 'BRG-1702348947221', '6', '2023-09-08', '10', '2023-12-17 14:03:06', '2023-12-17 14:03:06'),
(309, 'BM-1702872195468', 'BRG-1702280103208', '6', '2023-09-08', '200', '2023-12-17 14:03:26', '2023-12-17 14:03:26'),
(310, 'BM-1702872210659', 'BRG-1702280607840', '6', '2023-09-08', '900', '2023-12-17 14:03:43', '2023-12-17 14:03:43'),
(311, 'BM-1702872228531', 'BRG-1702281777927', '6', '2023-09-08', '27', '2023-12-17 14:04:04', '2023-12-17 14:04:04'),
(312, 'BM-1702872249539', 'BRG-1702281898144', '6', '2023-09-08', '4000', '2023-12-17 14:04:28', '2023-12-17 14:04:28'),
(313, 'BM-1702872274763', 'BRG-1702356543067', '6', '2023-09-08', '3', '2023-12-17 14:04:45', '2023-12-17 14:04:45'),
(314, 'BM-1702872289982', 'BRG-1702281947131', '6', '2023-09-08', '2500', '2023-12-17 14:05:07', '2023-12-17 14:05:07'),
(315, 'BM-1702872313614', 'BRG-1702281266193', '6', '2023-09-08', '1000', '2023-12-17 14:05:27', '2023-12-17 14:05:27'),
(316, 'BM-1702872332577', 'BRG-1702281345385', '6', '2023-09-08', '900', '2023-12-17 14:05:44', '2023-12-17 14:05:44'),
(317, 'BM-1702872350116', 'BRG-1702281390432', '6', '2023-09-08', '3000', '2023-12-17 14:06:06', '2023-12-17 14:06:06'),
(318, 'BM-1702872376861', 'BRG-1702281433553', '6', '2023-09-08', '600', '2023-12-17 14:06:29', '2023-12-17 14:06:29'),
(319, 'BM-1702872393822', 'BRG-1702281529857', '6', '2023-09-08', '2250', '2023-12-17 14:06:49', '2023-12-17 14:06:49'),
(320, 'BM-1702872413740', 'BRG-1702281625217', '6', '2023-09-08', '750', '2023-12-17 14:07:08', '2023-12-17 14:07:08'),
(321, 'BM-1702872436165', 'BRG-1702281685250', '6', '2023-09-08', '6000', '2023-12-17 14:07:33', '2023-12-17 14:07:33'),
(322, 'BM-1702872704781', 'BRG-1702280764809', '6', '2023-09-19', '13', '2023-12-17 14:12:27', '2023-12-17 14:13:41'),
(323, 'BM-1702872758245', 'BRG-1702281390432', '6', '2023-09-19', '1500', '2023-12-17 14:13:28', '2023-12-17 14:13:28'),
(324, 'BM-1702872831115', 'BRG-1702356543067', '6', '2023-09-19', '20', '2023-12-17 14:14:25', '2023-12-17 14:14:25'),
(325, 'BM-1702875178852', 'BRG-1702347169312', '6', '2023-09-08', '4750', '2023-12-17 14:53:17', '2023-12-17 14:53:17'),
(326, 'BM-1702875268925', 'BRG-1702347169312', '6', '2023-09-29', '500', '2023-12-17 14:54:53', '2023-12-17 14:54:53'),
(327, 'BM-1702879203270', 'BRG-1702281685250', '6', '2023-10-13', '500', '2023-12-17 16:00:19', '2023-12-17 16:00:19'),
(328, 'BM-1702879736806', 'BRG-1702349009556', '6', '2023-10-23', '3', '2023-12-17 16:09:13', '2023-12-17 16:09:13'),
(329, 'BM-1702879758750', 'BRG-1702281390432', '6', '2023-10-23', '250', '2023-12-17 16:09:32', '2023-12-17 16:09:32'),
(330, 'BM-1702879778974', 'BRG-1702282010266', '6', '2023-10-23', '2000', '2023-12-17 16:09:53', '2023-12-17 16:09:53'),
(331, 'BM-1702879970406', 'BRG-1702348947221', '6', '2023-10-27', '1', '2023-12-17 16:13:03', '2023-12-17 16:13:03'),
(332, 'BM-1702879989267', 'BRG-1702281266193', '6', '2023-10-27', '100', '2023-12-17 16:13:21', '2023-12-17 16:13:21'),
(333, 'BM-1702880008428', 'BRG-1702281390432', '6', '2023-10-27', '3250', '2023-12-17 16:13:44', '2023-12-17 16:13:44'),
(334, 'BM-1702881039608', 'BRG-1702280359936', '6', '2023-11-03', '1000', '2023-12-17 16:31:08', '2023-12-17 16:31:08'),
(335, 'BM-1702881075602', 'BRG-1702280650713', '6', '2023-11-03', '200', '2023-12-17 16:31:27', '2023-12-17 16:31:27'),
(336, 'BM-1702881092809', 'BRG-1702280701127', '6', '2023-11-03', '160', '2023-12-17 16:31:49', '2023-12-17 16:31:49'),
(337, 'BM-1702881129415', 'BRG-1702280764809', '6', '2023-11-03', '16', '2023-12-17 16:32:21', '2023-12-17 16:32:21'),
(338, 'BM-1702881146377', 'BRG-1702281102401', '6', '2023-11-03', '300', '2023-12-17 16:32:42', '2023-12-17 16:32:42'),
(339, 'BM-1702881167298', 'BRG-1702281266193', '6', '2023-11-03', '2300', '2023-12-17 16:33:03', '2023-12-17 16:33:03'),
(340, 'BM-1702881193120', 'BRG-1702281390432', '6', '2023-11-03', '2000', '2023-12-17 16:33:29', '2023-12-17 16:33:29'),
(341, 'BM-1702881210679', 'BRG-1702281625217', '6', '2023-11-03', '2750', '2023-12-17 16:33:47', '2023-12-17 16:33:47'),
(342, 'BM-1702881228952', 'BRG-1702281947131', '6', '2023-11-03', '250', '2023-12-17 16:34:04', '2023-12-17 16:34:04'),
(343, 'BM-1702881249090', 'BRG-1702282065080', '6', '2023-11-03', '35', '2023-12-17 16:34:22', '2023-12-17 16:34:22'),
(344, 'BM-1702881516073', 'BRG-1702286605849', '6', '2023-11-10', '1', '2023-12-17 16:38:50', '2023-12-17 16:38:50'),
(345, 'BM-1702882000583', 'BRG-1702348947221', '6', '2023-11-10', '1', '2023-12-17 16:46:58', '2023-12-17 16:50:50'),
(346, 'BM-1702882029850', 'BRG-1702280271926', '6', '2023-11-10', '500', '2023-12-17 16:47:23', '2023-12-17 16:50:44'),
(347, 'BM-1702882135790', 'BRG-1702282010266', '6', '2023-11-10', '150', '2023-12-17 16:49:16', '2023-12-17 16:49:16'),
(348, 'BM-1702882498050', 'BRG-1702279945488', '6', '2023-11-17', '200', '2023-12-17 16:55:15', '2023-12-17 16:55:15'),
(349, 'BM-1702882525277', 'BRG-1702348947221', '6', '2023-11-17', '5', '2023-12-17 16:55:35', '2023-12-17 16:55:35'),
(350, 'BM-1702882540625', 'BRG-1702282159569', '6', '2023-11-17', '600', '2023-12-17 16:55:55', '2023-12-17 16:55:55'),
(351, 'BM-1702882800817', 'BRG-1702278139127', '6', '2023-11-24', '2000', '2023-12-17 17:00:16', '2023-12-17 17:00:16'),
(352, 'BM-1702883240696', 'BRG-1702357136384', '6', '2023-12-01', '3', '2023-12-17 17:07:33', '2023-12-17 17:07:33'),
(353, 'BM-1702889528576', 'BRG-1702286214631', '6', '2023-12-01', '1', '2023-12-17 18:52:22', '2023-12-17 18:52:22'),
(354, 'BM-1702889862349', 'BRG-1702278847172', '6', '2023-12-01', '250', '2023-12-17 18:57:58', '2023-12-17 18:57:58'),
(355, 'BM-1702890117720', 'BRG-1702279612152', '6', '2023-12-01', '540', '2023-12-17 19:02:14', '2023-12-17 19:02:14'),
(356, 'BM-1702892674288', 'BRG-1702282324650', '7', '2023-03-03', '2650', '2023-12-17 19:45:09', '2023-12-17 19:45:09'),
(357, 'BM-1702892721385', 'BRG-1702357281520', '7', '2023-03-03', '950', '2023-12-17 19:45:38', '2023-12-17 19:45:38'),
(358, 'BM-1702892753794', 'BRG-1702282434137', '7', '2023-03-03', '1325', '2023-12-17 19:46:07', '2023-12-17 19:46:07'),
(359, 'BM-1702892775661', 'BRG-1702350508081', '7', '2023-03-03', '300', '2023-12-17 19:46:48', '2023-12-17 19:46:48'),
(360, 'BM-1702892824901', 'BRG-1702282497322', '7', '2023-03-03', '3100', '2023-12-17 19:47:21', '2023-12-17 19:47:21'),
(361, 'BM-1702892849926', 'BRG-1702356976518', '7', '2023-03-03', '950', '2023-12-17 19:47:57', '2023-12-17 19:47:57'),
(362, 'BM-1702892891694', 'BRG-1702282584721', '7', '2023-03-03', '750', '2023-12-17 19:48:36', '2023-12-17 19:48:36'),
(363, 'BM-1702892926102', 'BRG-1702354778950', '7', '2023-03-03', '600', '2023-12-17 19:49:00', '2023-12-17 19:49:00'),
(364, 'BM-1702892946342', 'BRG-1702352162530', '7', '2023-03-03', '600', '2023-12-17 19:49:26', '2023-12-17 19:49:26'),
(365, 'BM-1702892974158', 'BRG-1702350171387', '7', '2023-03-03', '28', '2023-12-17 19:49:54', '2023-12-17 19:49:54'),
(366, 'BM-1702893084965', 'BRG-1702282434137', '7', '2023-03-31', '300', '2023-12-17 19:51:42', '2023-12-17 19:51:42'),
(367, 'BM-1702893131845', 'BRG-1702282497322', '7', '2023-03-31', '6707', '2023-12-17 19:52:30', '2023-12-17 19:52:30'),
(368, 'BM-1702893179484', 'BRG-1702350171387', '7', '2023-03-31', '1372', '2023-12-17 19:53:13', '2023-12-17 19:53:13'),
(369, 'BM-1702893243581', 'BRG-1702282324650', '8', '2023-04-14', '450', '2023-12-17 19:54:28', '2023-12-17 19:54:28'),
(370, 'BM-1702893287798', 'BRG-1702350508081', '8', '2023-04-14', '150', '2023-12-17 19:55:01', '2023-12-17 19:55:01'),
(371, 'BM-1702953706648', 'BRG-1702282848613', '8', '2023-04-14', '28', '2023-12-18 12:42:08', '2023-12-18 12:42:08'),
(372, 'BM-1702954322376', 'BRG-1702357281520', '8', '2023-05-19', '50', '2023-12-18 12:52:22', '2023-12-18 12:52:22'),
(373, 'BM-1702954344480', 'BRG-1702350580925', '8', '2023-05-19', '14', '2023-12-18 12:52:47', '2023-12-18 12:52:47'),
(374, 'BM-1702954509901', 'BRG-1702282324650', '8', '2023-06-09', '350', '2023-12-18 12:55:26', '2023-12-18 12:55:26'),
(375, 'BM-1702954532560', 'BRG-1702350508081', '8', '2023-06-09', '300', '2023-12-18 12:55:44', '2023-12-18 12:55:44'),
(376, 'BM-1702954550383', 'BRG-1702282497322', '8', '2023-06-09', '2750', '2023-12-18 12:56:03', '2023-12-18 12:56:03'),
(377, 'BM-1702954569496', 'BRG-1702354778950', '8', '2023-06-09', '460', '2023-12-18 12:56:43', '2023-12-18 12:56:43'),
(378, 'BM-1702954610808', 'BRG-1702352162530', '8', '2023-06-09', '350', '2023-12-18 12:57:03', '2023-12-18 12:57:03'),
(379, 'BM-1702954642929', 'BRG-1702282979460', '8', '2023-06-09', '500', '2023-12-18 12:57:41', '2023-12-18 12:57:41'),
(380, 'BM-1702954674261', 'BRG-1702282434137', '8', '2023-06-23', '75', '2023-12-18 12:58:09', '2023-12-18 12:58:09'),
(381, 'BM-1702956350278', 'BRG-1702956097576', '8', '2023-05-19', '50', '2023-12-18 13:26:08', '2023-12-18 13:26:08'),
(382, 'BM-1702956402845', 'BRG-1702956305380', '8', '2023-06-23', '10', '2023-12-18 13:26:57', '2023-12-18 13:26:57'),
(383, 'BM-1702956419442', 'BRG-1702956273407', '8', '2023-06-23', '230', '2023-12-18 13:27:13', '2023-12-18 13:27:13'),
(384, 'BM-1702957542809', 'BRG-1702956097576', '6', '2023-07-07', '20', '2023-12-18 13:45:58', '2023-12-18 13:45:58'),
(385, 'BM-1702957576498', 'BRG-1702282497322', '6', '2023-07-14', '775', '2023-12-18 13:46:31', '2023-12-18 13:46:31'),
(386, 'BM-1702957605185', 'BRG-1702282324650', '6', '2023-07-21', '50', '2023-12-18 13:46:58', '2023-12-18 13:46:58'),
(387, 'BM-1702957625576', 'BRG-1702357281520', '6', '2023-07-21', '300', '2023-12-18 13:47:21', '2023-12-18 13:47:21'),
(388, 'BM-1702957648104', 'BRG-1702350508081', '6', '2023-07-21', '168', '2023-12-18 13:47:44', '2023-12-18 13:47:44'),
(389, 'BM-1702957673712', 'BRG-1702352162530', '6', '2023-07-21', '300', '2023-12-18 13:48:07', '2023-12-18 13:48:07'),
(390, 'BM-1702957696840', 'BRG-1702350171387', '6', '2023-07-21', '168', '2023-12-18 13:48:29', '2023-12-18 13:48:29'),
(391, 'BM-1702957715713', 'BRG-1702350580925', '6', '2023-07-21', '84', '2023-12-18 13:48:46', '2023-12-18 13:48:46'),
(392, 'BM-1702957732464', 'BRG-1702283106178', '6', '2023-07-21', '150', '2023-12-18 13:49:05', '2023-12-18 13:49:05'),
(393, 'BM-1702957751536', 'BRG-1702347399726', '6', '2023-07-21', '100', '2023-12-18 13:49:29', '2023-12-18 13:49:29'),
(394, 'BM-1702957831457', 'BRG-1702282584721', '6', '2023-07-21', '56', '2023-12-18 13:50:48', '2023-12-18 13:50:48'),
(395, 'BM-1702957862649', 'BRG-1702352162530', '6', '2023-08-18', '40', '2023-12-18 13:51:20', '2023-12-18 13:51:20'),
(396, 'BM-1702957891592', 'BRG-1702283197555', '6', '2023-09-01', '800', '2023-12-18 13:51:52', '2023-12-18 13:51:52'),
(397, 'BM-1702957918073', 'BRG-1702350508081', '6', '2023-09-01', '428', '2023-12-18 13:52:09', '2023-12-18 13:52:09'),
(398, 'BM-1702957933487', 'BRG-1702283425868', '6', '2023-09-01', '328', '2023-12-18 13:52:28', '2023-12-18 13:52:28'),
(399, 'BM-1702957950792', 'BRG-1702283543933', '6', '2023-09-01', '850', '2023-12-18 13:52:50', '2023-12-18 13:52:50'),
(400, 'BM-1702969960826', 'BRG-1702350309808', '6', '2023-07-21', '84', '2023-12-18 17:13:01', '2023-12-18 17:13:01'),
(401, 'BM-1702972722679', 'BRG-1702357281520', '6', '2023-11-17', '103', '2023-12-18 17:58:58', '2023-12-18 17:58:58'),
(402, 'BM-1702972743707', 'BRG-1702350508081', '6', '2023-11-03', '19', '2023-12-18 17:59:18', '2023-12-18 17:59:18'),
(403, 'BM-1702972770835', 'BRG-1702282434137', '6', '2023-10-06', '30', '2023-12-18 17:59:46', '2023-12-18 17:59:46'),
(404, 'BM-1702972794655', 'BRG-1702350171387', '6', '2023-09-08', '28', '2023-12-18 18:00:09', '2023-12-18 18:00:09'),
(405, 'BM-1704688722631', 'BRG-1702355540989', '6', '2023-12-20', '6', '2024-01-07 14:39:01', '2024-01-07 14:39:01'),
(406, 'BM-1704689080782', 'BRG-1702277447781', '6', '2023-12-20', '15650', '2024-01-07 14:45:00', '2024-01-07 14:45:00'),
(407, 'BM-1704689255791', 'BRG-1702281947131', '6', '2023-12-20', '250', '2024-01-07 14:47:50', '2024-01-07 14:47:50'),
(408, 'BM-1704689623848', 'BRG-1702346454990', '6', '2023-12-20', '5', '2024-01-07 14:53:59', '2024-01-07 14:53:59'),
(409, 'BM-1704689668581', 'BRG-1702281204232', '6', '2023-12-20', '9000', '2024-01-07 14:54:54', '2024-01-07 14:56:42'),
(410, 'BM-1704689722205', 'BRG-1702282159569', '6', '2023-12-20', '1050', '2024-01-07 14:55:39', '2024-01-07 14:55:39'),
(411, 'BM-1704689821987', 'BRG-1702348947221', '6', '2023-12-20', '1.5', '2024-01-07 14:57:15', '2024-01-07 14:57:15');

-- --------------------------------------------------------

--
-- Table structure for table `tbl_gudang`
--

CREATE TABLE `tbl_gudang` (
  `gudang_id` int(10) UNSIGNED NOT NULL,
  `gudang_nama` varchar(255) NOT NULL,
  `gudang_slug` varchar(255) NOT NULL,
  `gudang_keterangan` varchar(255) DEFAULT NULL,
  `created_at` timestamp NULL DEFAULT NULL,
  `updated_at` timestamp NULL DEFAULT NULL
) ENGINE=InnoDB DEFAULT CHARSET=utf8mb4 COLLATE=utf8mb4_unicode_ci;

-- --------------------------------------------------------

--
-- Table structure for table `tbl_jenisbarang`
--

CREATE TABLE `tbl_jenisbarang` (
  `jenisbarang_id` int(255) UNSIGNED NOT NULL,
  `jenisbarang_nama` varchar(255) NOT NULL,
  `jenisbarang_slug` varchar(255) NOT NULL,
  `jenisbarang_ket` text DEFAULT NULL,
  `created_at` timestamp NULL DEFAULT NULL,
  `updated_at` timestamp NULL DEFAULT NULL
) ENGINE=InnoDB DEFAULT CHARSET=utf8mb4 COLLATE=utf8mb4_unicode_ci;

--
-- Dumping data for table `tbl_jenisbarang`
--

INSERT INTO `tbl_jenisbarang` (`jenisbarang_id`, `jenisbarang_nama`, `jenisbarang_slug`, `jenisbarang_ket`, `created_at`, `updated_at`) VALUES
(14, 'Perkakas', 'perkakas', NULL, '2023-12-10 16:29:04', '2023-12-10 16:29:04'),
(18, 'Fungisida', 'fungisida', NULL, '2023-12-11 16:12:31', '2023-12-11 16:12:31'),
(19, 'Insektisida', 'insektisida', NULL, '2023-12-11 16:12:41', '2023-12-11 16:12:41'),
(20, 'Herbisida', 'herbisida', NULL, '2023-12-11 16:13:29', '2023-12-11 16:13:29'),
(21, 'Bakterisida', 'bakterisida', NULL, '2023-12-11 16:13:47', '2023-12-11 16:13:47'),
(22, 'Rodentisida', 'rodentisida', NULL, '2023-12-11 16:13:55', '2023-12-11 16:13:55'),
(23, 'Moluskisida', 'moluskisida', NULL, '2023-12-11 16:14:07', '2023-12-11 16:14:07'),
(24, 'Nematisida', 'nematisida', NULL, '2023-12-11 16:14:16', '2023-12-11 16:14:16'),
(25, 'Pupuk', 'pupuk', NULL, '2023-12-11 16:16:57', '2023-12-11 16:16:57'),
(26, 'Bahan Bakar', 'bahan-bakar', NULL, '2023-12-11 16:18:59', '2023-12-11 16:18:59'),
(27, 'Keperluan Lapangan', 'keperluan-lapangan', NULL, '2023-12-11 16:19:59', '2023-12-11 16:19:59'),
(28, 'Perekat & Perata', 'perekat-perata', NULL, '2023-12-11 16:59:48', '2023-12-11 16:59:48'),
(29, 'Bakterisida & Fungisida', 'bakterisida-fungisida', NULL, '2023-12-11 17:00:56', '2023-12-11 17:00:56'),
(30, 'Zat Pengatur Tumbuh', 'zat-pengatur-tumbuh', NULL, '2023-12-11 17:05:31', '2023-12-11 17:05:31');

-- --------------------------------------------------------

--
-- Table structure for table `tbl_menu`
--

CREATE TABLE `tbl_menu` (
  `menu_id` int(10) UNSIGNED NOT NULL,
  `menu_judul` varchar(255) NOT NULL,
  `menu_slug` varchar(255) NOT NULL,
  `menu_icon` varchar(255) NOT NULL,
  `menu_redirect` varchar(255) NOT NULL,
  `menu_sort` varchar(255) NOT NULL,
  `menu_type` varchar(255) NOT NULL,
  `created_at` timestamp NULL DEFAULT NULL,
  `updated_at` timestamp NULL DEFAULT NULL
) ENGINE=InnoDB DEFAULT CHARSET=utf8mb4 COLLATE=utf8mb4_unicode_ci;

--
-- Dumping data for table `tbl_menu`
--

INSERT INTO `tbl_menu` (`menu_id`, `menu_judul`, `menu_slug`, `menu_icon`, `menu_redirect`, `menu_sort`, `menu_type`, `created_at`, `updated_at`) VALUES
(1667444041, 'Beranda', 'beranda', 'home', '/beranda', '1', '1', '2022-11-15 03:51:04', '2022-11-15 03:51:04'),
(1668509889, 'Master Barang', 'master-barang', 'package', '-', '2', '2', '2022-11-15 03:58:09', '2022-11-15 04:03:15'),
(1668510437, 'Transaksi', 'transaksi', 'repeat', '-', '4', '2', '2022-11-15 04:07:17', '2022-11-25 08:37:36'),
(1668510568, 'Laporan', 'laporan', 'printer', '-', '5', '2', '2022-11-15 04:09:28', '2022-11-25 08:37:28'),
(1669390641, 'Pengecek', 'pengecek', 'user', '/pengecek', '3', '1', '2022-11-25 08:37:21', '2022-11-25 08:37:36');

-- --------------------------------------------------------

--
-- Table structure for table `tbl_pengecek`
--

CREATE TABLE `tbl_pengecek` (
  `pengecek_id` int(10) UNSIGNED NOT NULL,
  `pengecek_nama` varchar(255) NOT NULL,
  `pengecek_slug` varchar(255) NOT NULL,
  `pengecek_alamat` text DEFAULT NULL,
  `pengecek_notelp` varchar(255) DEFAULT NULL,
  `created_at` timestamp NULL DEFAULT NULL,
  `updated_at` timestamp NULL DEFAULT NULL
) ENGINE=InnoDB DEFAULT CHARSET=utf8mb4 COLLATE=utf8mb4_unicode_ci;

--
-- Dumping data for table `tbl_pengecek`
--

INSERT INTO `tbl_pengecek` (`pengecek_id`, `pengecek_nama`, `pengecek_slug`, `pengecek_alamat`, `pengecek_notelp`, `created_at`, `updated_at`) VALUES
(4, 'Panca Sibuea', 'panca-sibuea', NULL, NULL, '2023-12-11 14:53:08', '2023-12-11 14:53:08'),
(5, 'Herbinawan Nainggolan', 'herbinawan-nainggolan', NULL, NULL, '2023-12-11 14:53:20', '2023-12-11 14:53:20'),
(6, 'Irvandi Sihombing', 'irvandi-sihombing', NULL, NULL, '2023-12-11 17:12:53', '2023-12-11 17:12:53'),
(7, 'Lianty Simangunsong', 'lianty-simangunsong', NULL, NULL, '2023-12-12 13:11:10', '2023-12-12 13:11:10'),
(8, 'Joy Damanik', 'joy-damanik', NULL, NULL, '2023-12-12 13:11:20', '2023-12-12 13:11:20'),
(9, 'Maxmilyand Leiwakabessy', 'maxmilyand-leiwakabessy', NULL, NULL, '2023-12-12 17:50:14', '2023-12-12 17:50:14'),
(10, 'Mutiara Silitonga', 'mutiara-silitonga', NULL, NULL, '2023-12-12 17:50:27', '2023-12-12 17:50:27'),
(11, 'Donni Napitupulu', 'donni-napitupulu', NULL, NULL, '2023-12-12 17:51:41', '2023-12-12 17:51:41');

-- --------------------------------------------------------

--
-- Table structure for table `tbl_role`
--

CREATE TABLE `tbl_role` (
  `role_id` int(10) UNSIGNED NOT NULL,
  `role_title` varchar(255) NOT NULL,
  `role_slug` varchar(255) NOT NULL,
  `role_desc` text DEFAULT NULL,
  `created_at` timestamp NULL DEFAULT NULL,
  `updated_at` timestamp NULL DEFAULT NULL
) ENGINE=InnoDB DEFAULT CHARSET=utf8mb4 COLLATE=utf8mb4_unicode_ci;

--
-- Dumping data for table `tbl_role`
--

INSERT INTO `tbl_role` (`role_id`, `role_title`, `role_slug`, `role_desc`, `created_at`, `updated_at`) VALUES
(1, 'Super Admin', 'super-admin', '-', '2022-11-15 03:51:04', '2022-11-15 03:51:04'),
(2, 'Admin', 'admin', '-', '2022-11-15 03:51:04', '2022-11-15 03:51:04'),
(3, 'Operator', 'operator', '-', '2022-11-15 03:51:04', '2022-11-15 03:51:04'),
(4, 'Manajer', 'manajer', NULL, '2022-12-06 02:33:27', '2022-12-06 02:33:27');

-- --------------------------------------------------------

--
-- Table structure for table `tbl_satuan`
--

CREATE TABLE `tbl_satuan` (
  `satuan_id` int(10) UNSIGNED NOT NULL,
  `satuan_nama` varchar(255) NOT NULL,
  `satuan_slug` varchar(255) NOT NULL,
  `satuan_keterangan` varchar(255) DEFAULT NULL,
  `created_at` timestamp NULL DEFAULT NULL,
  `updated_at` timestamp NULL DEFAULT NULL
) ENGINE=InnoDB DEFAULT CHARSET=utf8mb4 COLLATE=utf8mb4_unicode_ci;

--
-- Dumping data for table `tbl_satuan`
--

INSERT INTO `tbl_satuan` (`satuan_id`, `satuan_nama`, `satuan_slug`, `satuan_keterangan`, `created_at`, `updated_at`) VALUES
(9, 'Gulung', 'gulung', NULL, '2023-12-10 16:31:33', '2023-12-10 16:31:33'),
(10, 'Unit', 'unit', NULL, '2023-12-10 16:32:23', '2023-12-10 16:32:23'),
(11, 'Kg', 'kg', NULL, '2023-12-10 16:43:22', '2023-12-10 16:43:22'),
(12, 'Gram', 'gram', NULL, '2023-12-10 16:43:28', '2023-12-11 16:14:45'),
(13, 'Mililiter', 'mililiter', NULL, '2023-12-10 16:45:57', '2023-12-11 16:14:39'),
(14, 'Liter', 'liter', NULL, '2023-12-11 16:14:31', '2023-12-11 16:14:31');

-- --------------------------------------------------------

--
-- Table structure for table `tbl_submenu`
--

CREATE TABLE `tbl_submenu` (
  `submenu_id` int(10) UNSIGNED NOT NULL,
  `menu_id` varchar(255) NOT NULL,
  `submenu_judul` varchar(255) NOT NULL,
  `submenu_slug` varchar(255) NOT NULL,
  `submenu_redirect` varchar(255) NOT NULL,
  `submenu_sort` varchar(255) NOT NULL,
  `created_at` timestamp NULL DEFAULT NULL,
  `updated_at` timestamp NULL DEFAULT NULL
) ENGINE=InnoDB DEFAULT CHARSET=utf8mb4 COLLATE=utf8mb4_unicode_ci;

--
-- Dumping data for table `tbl_submenu`
--

INSERT INTO `tbl_submenu` (`submenu_id`, `menu_id`, `submenu_judul`, `submenu_slug`, `submenu_redirect`, `submenu_sort`, `created_at`, `updated_at`) VALUES
(9, '1668510437', 'Barang Masuk', 'barang-masuk', '/barang-masuk', '1', '2022-11-15 04:08:19', '2022-11-15 04:08:19'),
(10, '1668510437', 'Barang Keluar', 'barang-keluar', '/barang-keluar', '2', '2022-11-15 04:08:19', '2022-11-15 04:08:19'),
(17, '1668509889', 'Jenis', 'jenis', '/jenisbarang', '1', '2022-11-24 05:06:48', '2022-11-24 05:06:48'),
(18, '1668509889', 'Satuan', 'satuan', '/satuan', '2', '2022-11-24 05:06:48', '2022-11-24 05:06:48'),
(19, '1668509889', 'Gudang', 'gudang', '/gudang', '3', '2022-11-24 05:06:48', '2022-11-24 05:06:48'),
(20, '1668509889', 'Barang', 'barang', '/barang', '4', '2022-11-24 05:06:48', '2022-11-24 05:06:48'),
(21, '1668510568', 'Lap Barang Masuk', 'lap-barang-masuk', '/lap-barang-masuk', '1', '2022-11-30 05:56:24', '2022-11-30 05:56:24'),
(22, '1668510568', 'Lap Barang Keluar', 'lap-barang-keluar', '/lap-barang-keluar', '2', '2022-11-30 05:56:24', '2022-11-30 05:56:24'),
(23, '1668510568', 'Lap Stok Barang', 'lap-stok-barang', '/lap-stok-barang', '3', '2022-11-30 05:56:24', '2022-11-30 05:56:24');

-- --------------------------------------------------------

--
-- Table structure for table `tbl_user`
--

CREATE TABLE `tbl_user` (
  `user_id` int(10) UNSIGNED NOT NULL,
  `role_id` varchar(255) NOT NULL,
  `user_nmlengkap` varchar(255) NOT NULL,
  `user_nama` varchar(255) NOT NULL,
  `user_email` varchar(255) NOT NULL,
  `user_foto` varchar(255) NOT NULL,
  `user_password` varchar(255) NOT NULL,
  `created_at` timestamp NULL DEFAULT NULL,
  `updated_at` timestamp NULL DEFAULT NULL
) ENGINE=InnoDB DEFAULT CHARSET=utf8mb4 COLLATE=utf8mb4_unicode_ci;

--
-- Dumping data for table `tbl_user`
--

INSERT INTO `tbl_user` (`user_id`, `role_id`, `user_nmlengkap`, `user_nama`, `user_email`, `user_foto`, `user_password`, `created_at`, `updated_at`) VALUES
(1, '1', 'Super Administrator', 'superadmin', 'superadmin@gmail.com', 'undraw_profile.svg', '25d55ad283aa400af464c76d713c07ad', '2022-11-15 03:51:04', '2022-11-15 03:51:04'),
(2, '2', 'Administrator', 'admin', 'admin@gmail.com', 'undraw_profile.svg', '25d55ad283aa400af464c76d713c07ad', '2022-11-15 03:51:04', '2022-11-15 03:51:04'),
(3, '3', 'Operator', 'operator', 'operator@gmail.com', 'undraw_profile.svg', '25d55ad283aa400af464c76d713c07ad', '2022-11-15 03:51:04', '2022-11-15 03:51:04'),
(4, '4', 'Manajer', 'manajer', 'manajer@gmail.com', 'undraw_profile.svg', '25d55ad283aa400af464c76d713c07ad', '2022-12-06 02:33:54', '2022-12-06 02:33:54'),
(5, '4', 'irvandi', 'Irvandi', 'irvandisihombing1001@gmail.com', 'undraw_profile.svg', 'e10adc3949ba59abbe56e057f20f883e', '2023-12-04 18:15:43', '2023-12-04 18:15:43');

-- --------------------------------------------------------

--
-- Table structure for table `tbl_web`
--

CREATE TABLE `tbl_web` (
  `web_id` int(10) UNSIGNED NOT NULL,
  `web_nama` varchar(255) NOT NULL,
  `web_logo` varchar(255) NOT NULL,
  `web_deskripsi` varchar(255) DEFAULT NULL,
  `created_at` timestamp NULL DEFAULT NULL,
  `updated_at` timestamp NULL DEFAULT NULL
) ENGINE=InnoDB DEFAULT CHARSET=utf8mb4 COLLATE=utf8mb4_unicode_ci;

--
-- Dumping data for table `tbl_web`
--

INSERT INTO `tbl_web` (`web_id`, `web_nama`, `web_logo`, `web_deskripsi`, `created_at`, `updated_at`) VALUES
(1, 'Taripar Gudang', 'taripar.png', 'Mengelola Data Barang Masuk & Barang Keluar', '2022-11-15 03:51:04', '2022-11-22 02:41:39');

--
-- Indexes for dumped tables
--

--
-- Indexes for table `failed_jobs`
--
ALTER TABLE `failed_jobs`
  ADD PRIMARY KEY (`id`),
  ADD UNIQUE KEY `failed_jobs_uuid_unique` (`uuid`);

--
-- Indexes for table `migrations`
--
ALTER TABLE `migrations`
  ADD PRIMARY KEY (`id`);

--
-- Indexes for table `personal_access_tokens`
--
ALTER TABLE `personal_access_tokens`
  ADD PRIMARY KEY (`id`),
  ADD UNIQUE KEY `personal_access_tokens_token_unique` (`token`),
  ADD KEY `personal_access_tokens_tokenable_type_tokenable_id_index` (`tokenable_type`,`tokenable_id`);

--
-- Indexes for table `tbl_akses`
--
ALTER TABLE `tbl_akses`
  ADD PRIMARY KEY (`akses_id`);

--
-- Indexes for table `tbl_appreance`
--
ALTER TABLE `tbl_appreance`
  ADD PRIMARY KEY (`appreance_id`);

--
-- Indexes for table `tbl_barang`
--
ALTER TABLE `tbl_barang`
  ADD PRIMARY KEY (`barang_id`,`barang_kode`,`barang_nama`,`barang_harga`,`barang_stok`);

--
-- Indexes for table `tbl_barangkeluar`
--
ALTER TABLE `tbl_barangkeluar`
  ADD PRIMARY KEY (`bk_id`);

--
-- Indexes for table `tbl_barangmasuk`
--
ALTER TABLE `tbl_barangmasuk`
  ADD PRIMARY KEY (`bm_id`);

--
-- Indexes for table `tbl_gudang`
--
ALTER TABLE `tbl_gudang`
  ADD PRIMARY KEY (`gudang_id`);

--
-- Indexes for table `tbl_jenisbarang`
--
ALTER TABLE `tbl_jenisbarang`
  ADD PRIMARY KEY (`jenisbarang_id`);

--
-- Indexes for table `tbl_menu`
--
ALTER TABLE `tbl_menu`
  ADD PRIMARY KEY (`menu_id`);

--
-- Indexes for table `tbl_pengecek`
--
ALTER TABLE `tbl_pengecek`
  ADD PRIMARY KEY (`pengecek_id`);

--
-- Indexes for table `tbl_role`
--
ALTER TABLE `tbl_role`
  ADD PRIMARY KEY (`role_id`);

--
-- Indexes for table `tbl_satuan`
--
ALTER TABLE `tbl_satuan`
  ADD PRIMARY KEY (`satuan_id`);

--
-- Indexes for table `tbl_submenu`
--
ALTER TABLE `tbl_submenu`
  ADD PRIMARY KEY (`submenu_id`);

--
-- Indexes for table `tbl_user`
--
ALTER TABLE `tbl_user`
  ADD PRIMARY KEY (`user_id`);

--
-- Indexes for table `tbl_web`
--
ALTER TABLE `tbl_web`
  ADD PRIMARY KEY (`web_id`);

--
-- AUTO_INCREMENT for dumped tables
--

--
-- AUTO_INCREMENT for table `failed_jobs`
--
ALTER TABLE `failed_jobs`
  MODIFY `id` bigint(20) UNSIGNED NOT NULL AUTO_INCREMENT;

--
-- AUTO_INCREMENT for table `migrations`
--
ALTER TABLE `migrations`
  MODIFY `id` int(10) UNSIGNED NOT NULL AUTO_INCREMENT, AUTO_INCREMENT=18;

--
-- AUTO_INCREMENT for table `personal_access_tokens`
--
ALTER TABLE `personal_access_tokens`
  MODIFY `id` bigint(20) UNSIGNED NOT NULL AUTO_INCREMENT;

--
-- AUTO_INCREMENT for table `tbl_akses`
--
ALTER TABLE `tbl_akses`
  MODIFY `akses_id` int(10) UNSIGNED NOT NULL AUTO_INCREMENT, AUTO_INCREMENT=568;

--
-- AUTO_INCREMENT for table `tbl_appreance`
--
ALTER TABLE `tbl_appreance`
  MODIFY `appreance_id` int(10) UNSIGNED NOT NULL AUTO_INCREMENT, AUTO_INCREMENT=3;

--
-- AUTO_INCREMENT for table `tbl_barang`
--
ALTER TABLE `tbl_barang`
  MODIFY `barang_id` int(255) NOT NULL AUTO_INCREMENT, AUTO_INCREMENT=8;

--
-- AUTO_INCREMENT for table `tbl_barangkeluar`
--
ALTER TABLE `tbl_barangkeluar`
  MODIFY `bk_id` int(10) UNSIGNED NOT NULL AUTO_INCREMENT, AUTO_INCREMENT=432;

--
-- AUTO_INCREMENT for table `tbl_barangmasuk`
--
ALTER TABLE `tbl_barangmasuk`
  MODIFY `bm_id` int(10) UNSIGNED NOT NULL AUTO_INCREMENT, AUTO_INCREMENT=412;

--
-- AUTO_INCREMENT for table `tbl_gudang`
--
ALTER TABLE `tbl_gudang`
  MODIFY `gudang_id` int(10) UNSIGNED NOT NULL AUTO_INCREMENT, AUTO_INCREMENT=8;

--
-- AUTO_INCREMENT for table `tbl_jenisbarang`
--
ALTER TABLE `tbl_jenisbarang`
  MODIFY `jenisbarang_id` int(255) UNSIGNED NOT NULL AUTO_INCREMENT, AUTO_INCREMENT=31;

--
-- AUTO_INCREMENT for table `tbl_menu`
--
ALTER TABLE `tbl_menu`
  MODIFY `menu_id` int(10) UNSIGNED NOT NULL AUTO_INCREMENT, AUTO_INCREMENT=1669390642;

--
-- AUTO_INCREMENT for table `tbl_pengecek`
--
ALTER TABLE `tbl_pengecek`
  MODIFY `pengecek_id` int(10) UNSIGNED NOT NULL AUTO_INCREMENT, AUTO_INCREMENT=12;

--
-- AUTO_INCREMENT for table `tbl_role`
--
ALTER TABLE `tbl_role`
  MODIFY `role_id` int(10) UNSIGNED NOT NULL AUTO_INCREMENT, AUTO_INCREMENT=5;

--
-- AUTO_INCREMENT for table `tbl_satuan`
--
ALTER TABLE `tbl_satuan`
  MODIFY `satuan_id` int(10) UNSIGNED NOT NULL AUTO_INCREMENT, AUTO_INCREMENT=15;

--
-- AUTO_INCREMENT for table `tbl_submenu`
--
ALTER TABLE `tbl_submenu`
  MODIFY `submenu_id` int(10) UNSIGNED NOT NULL AUTO_INCREMENT, AUTO_INCREMENT=24;

--
-- AUTO_INCREMENT for table `tbl_user`
--
ALTER TABLE `tbl_user`
  MODIFY `user_id` int(10) UNSIGNED NOT NULL AUTO_INCREMENT, AUTO_INCREMENT=6;

--
-- AUTO_INCREMENT for table `tbl_web`
--
ALTER TABLE `tbl_web`
  MODIFY `web_id` int(10) UNSIGNED NOT NULL AUTO_INCREMENT, AUTO_INCREMENT=2;
COMMIT;

/*!40101 SET CHARACTER_SET_CLIENT=@OLD_CHARACTER_SET_CLIENT */;
/*!40101 SET CHARACTER_SET_RESULTS=@OLD_CHARACTER_SET_RESULTS */;
/*!40101 SET COLLATION_CONNECTION=@OLD_COLLATION_CONNECTION */;
